record_id,duration_hours,init_utc,valid_start_utc,valid_end_utc,model_id,threshold_mm,n_locations,n_events,brier_score,roc_auc,raw_brier_score,mean_crps_mm
edouard_2026090112_6h_f00_f06,6,2026-09-01T12:00:00Z,2026-09-01T12:00:00Z,2026-09-01T18:00:00Z,ann_operational,6.35,458,19,0.02480850798339411,0.9745833832873756,0.04148471615720524,0.48279830543897456
edouard_2026090112_6h_f00_f06,6,2026-09-01T12:00:00Z,2026-09-01T12:00:00Z,2026-09-01T18:00:00Z,gnn_csgd,6.35,458,19,0.02545794423062833,0.9731447068696799,0.04148471615720524,0.47595395952174435
edouard_2026090112_6h_f00_f06,6,2026-09-01T12:00:00Z,2026-09-01T12:00:00Z,2026-09-01T18:00:00Z,ann_operational,12.7,458,6,0.013662443040340668,0.9598082595870207,0.028384279475982533,0.48279830543897456
edouard_2026090112_6h_f00_f06,6,2026-09-01T12:00:00Z,2026-09-01T12:00:00Z,2026-09-01T18:00:00Z,gnn_csgd,12.7,458,6,0.01378556648014545,0.9561209439528023,0.028384279475982533,0.47595395952174435
edouard_2026090112_6h_f00_f06,6,2026-09-01T12:00:00Z,2026-09-01T12:00:00Z,2026-09-01T18:00:00Z,ann_operational,25.4,458,2,0.00549732070827076,0.9320175438596491,0.015283842794759825,0.48279830543897456
edouard_2026090112_6h_f00_f06,6,2026-09-01T12:00:00Z,2026-09-01T12:00:00Z,2026-09-01T18:00:00Z,gnn_csgd,25.4,458,2,0.005178182077800092,0.9210526315789473,0.015283842794759825,0.47595395952174435
edouard_2026090112_6h_f00_f06,6,2026-09-01T12:00:00Z,2026-09-01T12:00:00Z,2026-09-01T18:00:00Z,ann_operational,50.8,458,0,9.111163660950294e-05,,0.0,0.48279830543897456
edouard_2026090112_6h_f00_f06,6,2026-09-01T12:00:00Z,2026-09-01T12:00:00Z,2026-09-01T18:00:00Z,gnn_csgd,50.8,458,0,3.2941476020139026e-05,,0.0,0.47595395952174435
edouard_2026090112_6h_f06_f12,6,2026-09-01T12:00:00Z,2026-09-01T18:00:00Z,2026-09-02T00:00:00Z,ann_operational,6.35,458,35,0.037493269324711545,0.9586626139817629,0.05021834061135371,1.1258930360482635
edouard_2026090112_6h_f06_f12,6,2026-09-01T12:00:00Z,2026-09-01T18:00:00Z,2026-09-02T00:00:00Z,gnn_csgd,6.35,458,35,0.03743732195965979,0.9630530226274907,0.05021834061135371,1.1389649665850945
edouard_2026090112_6h_f06_f12,6,2026-09-01T12:00:00Z,2026-09-01T18:00:00Z,2026-09-02T00:00:00Z,ann_operational,12.7,458,20,0.022035735505276922,0.9921232876712329,0.026200873362445413,1.1258930360482635
edouard_2026090112_6h_f06_f12,6,2026-09-01T12:00:00Z,2026-09-01T18:00:00Z,2026-09-02T00:00:00Z,gnn_csgd,12.7,458,20,0.022060519428283746,0.991324200913242,0.026200873362445413,1.1389649665850945
edouard_2026090112_6h_f06_f12,6,2026-09-01T12:00:00Z,2026-09-01T18:00:00Z,2026-09-02T00:00:00Z,ann_operational,25.4,458,8,0.011411156062655855,0.9941666666666666,0.013100436681222707,1.1258930360482635
edouard_2026090112_6h_f06_f12,6,2026-09-01T12:00:00Z,2026-09-01T18:00:00Z,2026-09-02T00:00:00Z,gnn_csgd,25.4,458,8,0.011737391349368635,0.9961111111111111,0.013100436681222707,1.1389649665850945
edouard_2026090112_6h_f06_f12,6,2026-09-01T12:00:00Z,2026-09-01T18:00:00Z,2026-09-02T00:00:00Z,ann_operational,50.8,458,3,0.005456398746859539,0.9992673992673993,0.004366812227074236,1.1258930360482635
edouard_2026090112_6h_f06_f12,6,2026-09-01T12:00:00Z,2026-09-01T18:00:00Z,2026-09-02T00:00:00Z,gnn_csgd,50.8,458,3,0.00568754147216735,0.9978021978021978,0.004366812227074236,1.1389649665850945
edouard_2026090112_6h_f12_f18,6,2026-09-01T12:00:00Z,2026-09-02T00:00:00Z,2026-09-02T06:00:00Z,ann_operational,6.35,458,24,0.02431194850537052,0.9898233486943164,0.034934497816593885,0.7477507782566452
edouard_2026090112_6h_f12_f18,6,2026-09-01T12:00:00Z,2026-09-02T00:00:00Z,2026-09-02T06:00:00Z,gnn_csgd,6.35,458,24,0.027317316181246856,0.9935675883256528,0.034934497816593885,0.8028476810151789
edouard_2026090112_6h_f12_f18,6,2026-09-01T12:00:00Z,2026-09-02T00:00:00Z,2026-09-02T06:00:00Z,ann_operational,12.7,458,14,0.017465794968414102,0.9940476190476191,0.026200873362445413,0.7477507782566452
edouard_2026090112_6h_f12_f18,6,2026-09-01T12:00:00Z,2026-09-02T00:00:00Z,2026-09-02T06:00:00Z,gnn_csgd,12.7,458,14,0.020362584510468417,0.9942084942084942,0.026200873362445413,0.8028476810151789
edouard_2026090112_6h_f12_f18,6,2026-09-01T12:00:00Z,2026-09-02T00:00:00Z,2026-09-02T06:00:00Z,ann_operational,25.4,458,6,0.01028825890465383,0.9867256637168141,0.019650655021834062,0.7477507782566452
edouard_2026090112_6h_f12_f18,6,2026-09-01T12:00:00Z,2026-09-02T00:00:00Z,2026-09-02T06:00:00Z,gnn_csgd,25.4,458,6,0.01095909449844293,0.9867256637168141,0.019650655021834062,0.8028476810151789
edouard_2026090112_6h_f12_f18,6,2026-09-01T12:00:00Z,2026-09-02T00:00:00Z,2026-09-02T06:00:00Z,ann_operational,50.8,458,1,0.0020430439193942804,0.9912472647702407,0.006550218340611353,0.7477507782566452
edouard_2026090112_6h_f12_f18,6,2026-09-01T12:00:00Z,2026-09-02T00:00:00Z,2026-09-02T06:00:00Z,gnn_csgd,50.8,458,1,0.0020781935560817023,1.0,0.006550218340611353,0.8028476810151789
edouard_2026090112_6h_f18_f24,6,2026-09-01T12:00:00Z,2026-09-02T06:00:00Z,2026-09-02T12:00:00Z,ann_operational,6.35,458,36,0.031046694428056337,0.9906529752501316,0.04148471615720524,2.7078151297892394
edouard_2026090112_6h_f18_f24,6,2026-09-01T12:00:00Z,2026-09-02T06:00:00Z,2026-09-02T12:00:00Z,gnn_csgd,6.35,458,36,0.03727246363688912,0.9908504476040021,0.04148471615720524,2.941492044871492
edouard_2026090112_6h_f18_f24,6,2026-09-01T12:00:00Z,2026-09-02T06:00:00Z,2026-09-02T12:00:00Z,ann_operational,12.7,458,29,0.029621280802666235,0.9962221686359617,0.04148471615720524,2.7078151297892394
edouard_2026090112_6h_f18_f24,6,2026-09-01T12:00:00Z,2026-09-02T06:00:00Z,2026-09-02T12:00:00Z,gnn_csgd,12.7,458,29,0.036742508022044804,0.9954987541194438,0.04148471615720524,2.941492044871492
edouard_2026090112_6h_f18_f24,6,2026-09-01T12:00:00Z,2026-09-02T06:00:00Z,2026-09-02T12:00:00Z,ann_operational,25.4,458,16,0.022162909922869137,0.9933540723981901,0.024017467248908297,2.7078151297892394
edouard_2026090112_6h_f18_f24,6,2026-09-01T12:00:00Z,2026-09-02T06:00:00Z,2026-09-02T12:00:00Z,gnn_csgd,25.4,458,16,0.025796792868533168,0.9957579185520362,0.024017467248908297,2.941492044871492
edouard_2026090112_6h_f18_f24,6,2026-09-01T12:00:00Z,2026-09-02T06:00:00Z,2026-09-02T12:00:00Z,ann_operational,50.8,458,12,0.022264154411572153,0.9886023916292974,0.026200873362445413,2.7078151297892394
edouard_2026090112_6h_f18_f24,6,2026-09-01T12:00:00Z,2026-09-02T06:00:00Z,2026-09-02T12:00:00Z,gnn_csgd,50.8,458,12,0.02364121257068057,0.9912182361733931,0.026200873362445413,2.941492044871492
edouard_2026090112_6h_f24_f30,6,2026-09-01T12:00:00Z,2026-09-02T12:00:00Z,2026-09-02T18:00:00Z,ann_operational,6.35,458,60,0.08308250720715801,0.916038525963149,0.12663755458515283,2.1929444672568876
edouard_2026090112_6h_f24_f30,6,2026-09-01T12:00:00Z,2026-09-02T12:00:00Z,2026-09-02T18:00:00Z,gnn_csgd,6.35,458,60,0.08291351941023789,0.9209380234505863,0.12663755458515283,2.2135935290459834
edouard_2026090112_6h_f24_f30,6,2026-09-01T12:00:00Z,2026-09-02T12:00:00Z,2026-09-02T18:00:00Z,ann_operational,12.7,458,35,0.053634491838574834,0.9529213103681189,0.06768558951965066,2.1929444672568876
edouard_2026090112_6h_f24_f30,6,2026-09-01T12:00:00Z,2026-09-02T12:00:00Z,2026-09-02T18:00:00Z,gnn_csgd,12.7,458,35,0.05509176828075662,0.9582573454913881,0.06768558951965066,2.2135935290459834
edouard_2026090112_6h_f24_f30,6,2026-09-01T12:00:00Z,2026-09-02T12:00:00Z,2026-09-02T18:00:00Z,ann_operational,25.4,458,16,0.02869732796602923,0.9751131221719457,0.04148471615720524,2.1929444672568876
edouard_2026090112_6h_f24_f30,6,2026-09-01T12:00:00Z,2026-09-02T12:00:00Z,2026-09-02T18:00:00Z,gnn_csgd,25.4,458,16,0.029777026083875405,0.9804864253393665,0.04148471615720524,2.2135935290459834
edouard_2026090112_6h_f24_f30,6,2026-09-01T12:00:00Z,2026-09-02T12:00:00Z,2026-09-02T18:00:00Z,ann_operational,50.8,458,5,0.01032559662146903,0.963355408388521,0.015283842794759825,2.1929444672568876
edouard_2026090112_6h_f24_f30,6,2026-09-01T12:00:00Z,2026-09-02T12:00:00Z,2026-09-02T18:00:00Z,gnn_csgd,50.8,458,5,0.010482886297088517,0.9668874172185431,0.015283842794759825,2.2135935290459834
edouard_2026090112_6h_f30_f36,6,2026-09-01T12:00:00Z,2026-09-02T18:00:00Z,2026-09-03T00:00:00Z,ann_operational,6.35,458,52,0.09235070372267125,0.772404319818113,0.14192139737991266,2.0160561698531243
edouard_2026090112_6h_f30_f36,6,2026-09-01T12:00:00Z,2026-09-02T18:00:00Z,2026-09-03T00:00:00Z,gnn_csgd,6.35,458,52,0.0902211811790488,0.81176582038651,0.14192139737991266,1.970829839555602
edouard_2026090112_6h_f30_f36,6,2026-09-01T12:00:00Z,2026-09-02T18:00:00Z,2026-09-03T00:00:00Z,ann_operational,12.7,458,27,0.05489091615715851,0.6978602732663057,0.0982532751091703,2.0160561698531243
edouard_2026090112_6h_f30_f36,6,2026-09-01T12:00:00Z,2026-09-02T18:00:00Z,2026-09-03T00:00:00Z,gnn_csgd,12.7,458,27,0.05306671255047852,0.7676377073128813,0.0982532751091703,1.970829839555602
edouard_2026090112_6h_f30_f36,6,2026-09-01T12:00:00Z,2026-09-02T18:00:00Z,2026-09-03T00:00:00Z,ann_operational,25.4,458,15,0.031221991993464752,0.7747178329571106,0.048034934497816595,2.0160561698531243
edouard_2026090112_6h_f30_f36,6,2026-09-01T12:00:00Z,2026-09-02T18:00:00Z,2026-09-03T00:00:00Z,gnn_csgd,25.4,458,15,0.030896465836724042,0.8338600451467268,0.048034934497816595,1.970829839555602
edouard_2026090112_6h_f30_f36,6,2026-09-01T12:00:00Z,2026-09-02T18:00:00Z,2026-09-03T00:00:00Z,ann_operational,50.8,458,1,0.002196371930010548,0.8183807439824945,0.008733624454148471,2.0160561698531243
edouard_2026090112_6h_f30_f36,6,2026-09-01T12:00:00Z,2026-09-02T18:00:00Z,2026-09-03T00:00:00Z,gnn_csgd,50.8,458,1,0.0021858432710435693,0.774617067833698,0.008733624454148471,1.970829839555602
edouard_2026090112_6h_f36_f42,6,2026-09-01T12:00:00Z,2026-09-03T00:00:00Z,2026-09-03T06:00:00Z,ann_operational,6.35,458,40,0.07229462468625764,0.8424043062200957,0.10480349344978165,1.6315518945854752
edouard_2026090112_6h_f36_f42,6,2026-09-01T12:00:00Z,2026-09-03T00:00:00Z,2026-09-03T06:00:00Z,gnn_csgd,6.35,458,40,0.07323013614844148,0.856877990430622,0.10480349344978165,1.643155893682408
edouard_2026090112_6h_f36_f42,6,2026-09-01T12:00:00Z,2026-09-03T00:00:00Z,2026-09-03T06:00:00Z,ann_operational,12.7,458,20,0.039359681244109476,0.8449771689497717,0.05240174672489083,1.6315518945854752
edouard_2026090112_6h_f36_f42,6,2026-09-01T12:00:00Z,2026-09-03T00:00:00Z,2026-09-03T06:00:00Z,gnn_csgd,12.7,458,20,0.03936159148770244,0.8659817351598174,0.05240174672489083,1.643155893682408
edouard_2026090112_6h_f36_f42,6,2026-09-01T12:00:00Z,2026-09-03T00:00:00Z,2026-09-03T06:00:00Z,ann_operational,25.4,458,7,0.014779452449629858,0.7956921127652835,0.03056768558951965,1.6315518945854752
edouard_2026090112_6h_f36_f42,6,2026-09-01T12:00:00Z,2026-09-03T00:00:00Z,2026-09-03T06:00:00Z,gnn_csgd,25.4,458,7,0.014647582631707009,0.8698131137155527,0.03056768558951965,1.643155893682408
edouard_2026090112_6h_f36_f42,6,2026-09-01T12:00:00Z,2026-09-03T00:00:00Z,2026-09-03T06:00:00Z,ann_operational,50.8,458,2,0.0042419285154714145,0.9473684210526315,0.013100436681222707,1.6315518945854752
edouard_2026090112_6h_f36_f42,6,2026-09-01T12:00:00Z,2026-09-03T00:00:00Z,2026-09-03T06:00:00Z,gnn_csgd,50.8,458,2,0.0043022143596082585,0.8958333333333334,0.013100436681222707,1.643155893682408
edouard_2026090112_6h_f42_f48,6,2026-09-01T12:00:00Z,2026-09-03T06:00:00Z,2026-09-03T12:00:00Z,ann_operational,6.35,458,33,0.04809346965450077,0.9559358288770053,0.07423580786026202,1.3036186330789044
edouard_2026090112_6h_f42_f48,6,2026-09-01T12:00:00Z,2026-09-03T06:00:00Z,2026-09-03T12:00:00Z,gnn_csgd,6.35,458,33,0.05131038930461592,0.9578609625668449,0.07423580786026202,1.3579764160866028
edouard_2026090112_6h_f42_f48,6,2026-09-01T12:00:00Z,2026-09-03T06:00:00Z,2026-09-03T12:00:00Z,ann_operational,12.7,458,20,0.03413217653361238,0.9486301369863014,0.0611353711790393,1.3036186330789044
edouard_2026090112_6h_f42_f48,6,2026-09-01T12:00:00Z,2026-09-03T06:00:00Z,2026-09-03T12:00:00Z,gnn_csgd,12.7,458,20,0.035960291836158904,0.9426940639269407,0.0611353711790393,1.3579764160866028
edouard_2026090112_6h_f42_f48,6,2026-09-01T12:00:00Z,2026-09-03T06:00:00Z,2026-09-03T12:00:00Z,ann_operational,25.4,458,8,0.015873748053630645,0.9383333333333334,0.03056768558951965,1.3036186330789044
edouard_2026090112_6h_f42_f48,6,2026-09-01T12:00:00Z,2026-09-03T06:00:00Z,2026-09-03T12:00:00Z,gnn_csgd,25.4,458,8,0.016068302135680876,0.9319444444444445,0.03056768558951965,1.3579764160866028
edouard_2026090112_6h_f42_f48,6,2026-09-01T12:00:00Z,2026-09-03T06:00:00Z,2026-09-03T12:00:00Z,ann_operational,50.8,458,2,0.004266710901388264,0.9331140350877193,0.013100436681222707,1.3036186330789044
edouard_2026090112_6h_f42_f48,6,2026-09-01T12:00:00Z,2026-09-03T06:00:00Z,2026-09-03T12:00:00Z,gnn_csgd,50.8,458,2,0.0042640726343866975,0.9320175438596491,0.013100436681222707,1.3579764160866028
edouard_2026090212_6h_f00_f06,6,2026-09-02T12:00:00Z,2026-09-02T12:00:00Z,2026-09-02T18:00:00Z,ann_operational,6.35,458,60,0.07568583514625808,0.9400335008375209,0.11572052401746726,1.8654832709459823
edouard_2026090212_6h_f00_f06,6,2026-09-02T12:00:00Z,2026-09-02T12:00:00Z,2026-09-02T18:00:00Z,gnn_csgd,6.35,458,60,0.0766375044754833,0.9395309882747068,0.11572052401746726,1.8815533548155847
edouard_2026090212_6h_f00_f06,6,2026-09-02T12:00:00Z,2026-09-02T12:00:00Z,2026-09-02T18:00:00Z,ann_operational,12.7,458,35,0.047867690358153234,0.9581898007429922,0.10262008733624454,1.8654832709459823
edouard_2026090212_6h_f00_f06,6,2026-09-02T12:00:00Z,2026-09-02T12:00:00Z,2026-09-02T18:00:00Z,gnn_csgd,12.7,458,35,0.048591517476851455,0.9600135089496792,0.10262008733624454,1.8815533548155847
edouard_2026090212_6h_f00_f06,6,2026-09-02T12:00:00Z,2026-09-02T12:00:00Z,2026-09-02T18:00:00Z,ann_operational,25.4,458,16,0.02317320421325608,0.9824660633484162,0.06550218340611354,1.8654832709459823
edouard_2026090212_6h_f00_f06,6,2026-09-02T12:00:00Z,2026-09-02T12:00:00Z,2026-09-02T18:00:00Z,gnn_csgd,25.4,458,16,0.02384645960836474,0.988829185520362,0.06550218340611354,1.8815533548155847
edouard_2026090212_6h_f00_f06,6,2026-09-02T12:00:00Z,2026-09-02T12:00:00Z,2026-09-02T18:00:00Z,ann_operational,50.8,458,5,0.00961208238889005,0.9695364238410596,0.024017467248908297,1.8654832709459823
edouard_2026090212_6h_f00_f06,6,2026-09-02T12:00:00Z,2026-09-02T12:00:00Z,2026-09-02T18:00:00Z,gnn_csgd,50.8,458,5,0.009661967581101723,0.9735099337748344,0.024017467248908297,1.8815533548155847
edouard_2026090212_6h_f06_f12,6,2026-09-02T12:00:00Z,2026-09-02T18:00:00Z,2026-09-03T00:00:00Z,ann_operational,6.35,458,52,0.06641091322633556,0.8968359226979916,0.1222707423580786,1.5656283748759197
edouard_2026090212_6h_f06_f12,6,2026-09-02T12:00:00Z,2026-09-02T18:00:00Z,2026-09-03T00:00:00Z,gnn_csgd,6.35,458,52,0.06674162135062582,0.9099090564607806,0.1222707423580786,1.5975561083272076
edouard_2026090212_6h_f06_f12,6,2026-09-02T12:00:00Z,2026-09-02T18:00:00Z,2026-09-03T00:00:00Z,ann_operational,12.7,458,27,0.0358880243906582,0.9239494715132767,0.08951965065502183,1.5656283748759197
edouard_2026090212_6h_f06_f12,6,2026-09-02T12:00:00Z,2026-09-02T18:00:00Z,2026-09-03T00:00:00Z,gnn_csgd,12.7,458,27,0.03933568491058355,0.9279023803385752,0.08951965065502183,1.5975561083272076
edouard_2026090212_6h_f06_f12,6,2026-09-02T12:00:00Z,2026-09-02T18:00:00Z,2026-09-03T00:00:00Z,ann_operational,25.4,458,15,0.021402345819261186,0.9674943566591422,0.04585152838427948,1.5656283748759197
edouard_2026090212_6h_f06_f12,6,2026-09-02T12:00:00Z,2026-09-02T18:00:00Z,2026-09-03T00:00:00Z,gnn_csgd,25.4,458,15,0.02326161716532383,0.9682468021068472,0.04585152838427948,1.5975561083272076
edouard_2026090212_6h_f06_f12,6,2026-09-02T12:00:00Z,2026-09-02T18:00:00Z,2026-09-03T00:00:00Z,ann_operational,50.8,458,1,0.002887660649532287,0.8555798687089715,0.017467248908296942,1.5656283748759197
edouard_2026090212_6h_f06_f12,6,2026-09-02T12:00:00Z,2026-09-02T18:00:00Z,2026-09-03T00:00:00Z,gnn_csgd,50.8,458,1,0.002642630740190989,0.8205689277899344,0.017467248908296942,1.5975561083272076
edouard_2026090212_6h_f12_f18,6,2026-09-02T12:00:00Z,2026-09-03T00:00:00Z,2026-09-03T06:00:00Z,ann_operational,6.35,458,40,0.060673492848873765,0.9180023923444977,0.08296943231441048,1.3036590328619493
edouard_2026090212_6h_f12_f18,6,2026-09-02T12:00:00Z,2026-09-03T00:00:00Z,2026-09-03T06:00:00Z,gnn_csgd,6.35,458,40,0.0595465382856125,0.9220693779904306,0.08296943231441048,1.30281625284173
edouard_2026090212_6h_f12_f18,6,2026-09-02T12:00:00Z,2026-09-03T00:00:00Z,2026-09-03T06:00:00Z,ann_operational,12.7,458,20,0.03574279592458727,0.9276255707762557,0.06550218340611354,1.3036590328619493
edouard_2026090212_6h_f12_f18,6,2026-09-02T12:00:00Z,2026-09-03T00:00:00Z,2026-09-03T06:00:00Z,gnn_csgd,12.7,458,20,0.0353513114952026,0.9256849315068493,0.06550218340611354,1.30281625284173
edouard_2026090212_6h_f12_f18,6,2026-09-02T12:00:00Z,2026-09-03T00:00:00Z,2026-09-03T06:00:00Z,ann_operational,25.4,458,7,0.014803535330289313,0.9410833069369655,0.05240174672489083,1.3036590328619493
edouard_2026090212_6h_f12_f18,6,2026-09-02T12:00:00Z,2026-09-03T00:00:00Z,2026-09-03T06:00:00Z,gnn_csgd,25.4,458,7,0.014229107990261003,0.9414000633512829,0.05240174672489083,1.30281625284173
edouard_2026090212_6h_f12_f18,6,2026-09-02T12:00:00Z,2026-09-03T00:00:00Z,2026-09-03T06:00:00Z,ann_operational,50.8,458,2,0.004325265935937233,0.9528508771929824,0.013100436681222707,1.3036590328619493
edouard_2026090212_6h_f12_f18,6,2026-09-02T12:00:00Z,2026-09-03T00:00:00Z,2026-09-03T06:00:00Z,gnn_csgd,50.8,458,2,0.004373769727913579,0.9024122807017544,0.013100436681222707,1.30281625284173
edouard_2026090212_6h_f18_f24,6,2026-09-02T12:00:00Z,2026-09-03T06:00:00Z,2026-09-03T12:00:00Z,ann_operational,6.35,458,33,0.03657630299485943,0.9654188948306596,0.06986899563318777,1.0379703025262077
edouard_2026090212_6h_f18_f24,6,2026-09-02T12:00:00Z,2026-09-03T06:00:00Z,2026-09-03T12:00:00Z,gnn_csgd,6.35,458,33,0.04220125356439151,0.9709803921568627,0.06986899563318777,1.1482393484971625
edouard_2026090212_6h_f18_f24,6,2026-09-02T12:00:00Z,2026-09-03T06:00:00Z,2026-09-03T12:00:00Z,ann_operational,12.7,458,20,0.026068262154162667,0.9802511415525114,0.03275109170305677,1.0379703025262077
edouard_2026090212_6h_f18_f24,6,2026-09-02T12:00:00Z,2026-09-03T06:00:00Z,2026-09-03T12:00:00Z,gnn_csgd,12.7,458,20,0.02982782983604617,0.9773972602739726,0.03275109170305677,1.1482393484971625
edouard_2026090212_6h_f18_f24,6,2026-09-02T12:00:00Z,2026-09-03T06:00:00Z,2026-09-03T12:00:00Z,ann_operational,25.4,458,8,0.013213074271961929,0.9813888888888889,0.019650655021834062,1.0379703025262077
edouard_2026090212_6h_f18_f24,6,2026-09-02T12:00:00Z,2026-09-03T06:00:00Z,2026-09-03T12:00:00Z,gnn_csgd,25.4,458,8,0.014158001719671342,0.9780555555555556,0.019650655021834062,1.1482393484971625
edouard_2026090212_6h_f18_f24,6,2026-09-02T12:00:00Z,2026-09-03T06:00:00Z,2026-09-03T12:00:00Z,ann_operational,50.8,458,2,0.0038999351503192043,0.9956140350877193,0.008733624454148471,1.0379703025262077
edouard_2026090212_6h_f18_f24,6,2026-09-02T12:00:00Z,2026-09-03T06:00:00Z,2026-09-03T12:00:00Z,gnn_csgd,50.8,458,2,0.004020830321269272,0.9978070175438597,0.008733624454148471,1.1482393484971625
edouard_2026090212_6h_f24_f30,6,2026-09-02T12:00:00Z,2026-09-03T12:00:00Z,2026-09-03T18:00:00Z,ann_operational,6.35,458,56,0.07757047199657742,0.9012082444918266,0.11353711790393013,1.9116567506873534
edouard_2026090212_6h_f24_f30,6,2026-09-02T12:00:00Z,2026-09-03T12:00:00Z,2026-09-03T18:00:00Z,gnn_csgd,6.35,458,56,0.07769250811788582,0.9145788912579957,0.11353711790393013,1.9004846218875378
edouard_2026090212_6h_f24_f30,6,2026-09-02T12:00:00Z,2026-09-03T12:00:00Z,2026-09-03T18:00:00Z,ann_operational,12.7,458,26,0.04423631291131981,0.89627849002849,0.08733624454148471,1.9116567506873534
edouard_2026090212_6h_f24_f30,6,2026-09-02T12:00:00Z,2026-09-03T12:00:00Z,2026-09-03T18:00:00Z,gnn_csgd,12.7,458,26,0.04474948422887078,0.9086538461538461,0.08733624454148471,1.9004846218875378
edouard_2026090212_6h_f24_f30,6,2026-09-02T12:00:00Z,2026-09-03T12:00:00Z,2026-09-03T18:00:00Z,ann_operational,25.4,458,7,0.014703965205170077,0.8995882166613874,0.04585152838427948,1.9116567506873534
edouard_2026090212_6h_f24_f30,6,2026-09-02T12:00:00Z,2026-09-03T12:00:00Z,2026-09-03T18:00:00Z,gnn_csgd,25.4,458,7,0.014177702422805749,0.935064935064935,0.04585152838427948,1.9004846218875378
edouard_2026090212_6h_f24_f30,6,2026-09-02T12:00:00Z,2026-09-03T12:00:00Z,2026-09-03T18:00:00Z,ann_operational,50.8,458,4,0.008421413787653582,0.9262114537444934,0.019650655021834062,1.9116567506873534
edouard_2026090212_6h_f24_f30,6,2026-09-02T12:00:00Z,2026-09-03T12:00:00Z,2026-09-03T18:00:00Z,gnn_csgd,50.8,458,4,0.008484131618827,0.9284140969162996,0.019650655021834062,1.9004846218875378
edouard_2026090312_6h_f00_f06,6,2026-09-03T12:00:00Z,2026-09-03T12:00:00Z,2026-09-03T18:00:00Z,ann_operational,6.35,458,56,0.09769676289323745,0.8639392324093816,0.16375545851528384,2.406364772711804
edouard_2026090312_6h_f00_f06,6,2026-09-03T12:00:00Z,2026-09-03T12:00:00Z,2026-09-03T18:00:00Z,gnn_csgd,6.35,458,56,0.0926255702232986,0.8766435678749112,0.16375545851528384,2.3276018726970293
edouard_2026090312_6h_f00_f06,6,2026-09-03T12:00:00Z,2026-09-03T12:00:00Z,2026-09-03T18:00:00Z,ann_operational,12.7,458,26,0.06404265449715117,0.8625356125356125,0.12008733624454149,2.406364772711804
edouard_2026090312_6h_f00_f06,6,2026-09-03T12:00:00Z,2026-09-03T12:00:00Z,2026-09-03T18:00:00Z,gnn_csgd,12.7,458,26,0.06231660648835776,0.8680555555555556,0.12008733624454149,2.3276018726970293
edouard_2026090312_6h_f00_f06,6,2026-09-03T12:00:00Z,2026-09-03T12:00:00Z,2026-09-03T18:00:00Z,ann_operational,25.4,458,7,0.02311946872185773,0.9328476401647133,0.06550218340611354,2.406364772711804
edouard_2026090312_6h_f00_f06,6,2026-09-03T12:00:00Z,2026-09-03T12:00:00Z,2026-09-03T18:00:00Z,gnn_csgd,25.4,458,7,0.022205162614225615,0.9363319607222046,0.06550218340611354,2.3276018726970293
edouard_2026090312_6h_f00_f06,6,2026-09-03T12:00:00Z,2026-09-03T12:00:00Z,2026-09-03T18:00:00Z,ann_operational,50.8,458,4,0.009360608990320875,0.941079295154185,0.034934497816593885,2.406364772711804
edouard_2026090312_6h_f00_f06,6,2026-09-03T12:00:00Z,2026-09-03T12:00:00Z,2026-09-03T18:00:00Z,gnn_csgd,50.8,458,4,0.009502081664768769,0.9443832599118943,0.034934497816593885,2.3276018726970293
edouard_2026090112_12h_f00_f12,12,2026-09-01T12:00:00Z,2026-09-01T12:00:00Z,2026-09-02T00:00:00Z,ann_operational,12.7,458,27,0.026727546145227193,0.979977657471857,0.04148471615720524,1.3504651607108034
edouard_2026090112_12h_f00_f12,12,2026-09-01T12:00:00Z,2026-09-01T12:00:00Z,2026-09-02T00:00:00Z,gnn_csgd,12.7,458,27,0.0282624447388793,0.9773996734553579,0.04148471615720524,1.3896705525038588
edouard_2026090112_12h_f00_f12,12,2026-09-01T12:00:00Z,2026-09-01T12:00:00Z,2026-09-02T00:00:00Z,ann_operational,25.4,458,14,0.01783004379435579,0.9837516087516087,0.028384279475982533,1.3504651607108034
edouard_2026090112_12h_f00_f12,12,2026-09-01T12:00:00Z,2026-09-01T12:00:00Z,2026-09-02T00:00:00Z,gnn_csgd,25.4,458,14,0.01885476054997382,0.9802123552123552,0.028384279475982533,1.3896705525038588
edouard_2026090112_12h_f00_f12,12,2026-09-01T12:00:00Z,2026-09-01T12:00:00Z,2026-09-02T00:00:00Z,ann_operational,50.8,458,4,0.006346984915450789,0.9928414096916299,0.006550218340611353,1.3504651607108034
edouard_2026090112_12h_f00_f12,12,2026-09-01T12:00:00Z,2026-09-01T12:00:00Z,2026-09-02T00:00:00Z,gnn_csgd,50.8,458,4,0.006679880320917336,0.9955947136563876,0.006550218340611353,1.3896705525038588
edouard_2026090112_12h_f00_f12,12,2026-09-01T12:00:00Z,2026-09-01T12:00:00Z,2026-09-02T00:00:00Z,ann_operational,76.2,458,2,0.0037244031966348437,0.993421052631579,0.006550218340611353,1.3504651607108034
edouard_2026090112_12h_f00_f12,12,2026-09-01T12:00:00Z,2026-09-01T12:00:00Z,2026-09-02T00:00:00Z,gnn_csgd,76.2,458,2,0.003913024430723269,0.9912280701754386,0.006550218340611353,1.3896705525038588
edouard_2026090112_12h_f06_f18,12,2026-09-01T12:00:00Z,2026-09-01T18:00:00Z,2026-09-02T06:00:00Z,ann_operational,12.7,458,32,0.02304012777396023,0.9962588028169014,0.03056768558951965,1.6127066075319147
edouard_2026090112_12h_f06_f18,12,2026-09-01T12:00:00Z,2026-09-01T18:00:00Z,2026-09-02T06:00:00Z,gnn_csgd,12.7,458,32,0.026973114603581608,0.9943515258215962,0.03056768558951965,1.7498956730900097
edouard_2026090112_12h_f06_f18,12,2026-09-01T12:00:00Z,2026-09-01T18:00:00Z,2026-09-02T06:00:00Z,ann_operational,25.4,458,19,0.020916873648642618,0.9937657355233186,0.019650655021834062,1.6127066075319147
edouard_2026090112_12h_f06_f18,12,2026-09-01T12:00:00Z,2026-09-01T18:00:00Z,2026-09-02T06:00:00Z,gnn_csgd,25.4,458,19,0.023316083180922213,0.9958038604483875,0.019650655021834062,1.7498956730900097
edouard_2026090112_12h_f06_f18,12,2026-09-01T12:00:00Z,2026-09-01T18:00:00Z,2026-09-02T06:00:00Z,ann_operational,50.8,458,8,0.012999177360293598,0.9922222222222222,0.019650655021834062,1.6127066075319147
edouard_2026090112_12h_f06_f18,12,2026-09-01T12:00:00Z,2026-09-01T18:00:00Z,2026-09-02T06:00:00Z,gnn_csgd,50.8,458,8,0.014195552836812429,0.9941666666666666,0.019650655021834062,1.7498956730900097
edouard_2026090112_12h_f06_f18,12,2026-09-01T12:00:00Z,2026-09-01T18:00:00Z,2026-09-02T06:00:00Z,ann_operational,76.2,458,3,0.005774959616276113,0.9912087912087912,0.006550218340611353,1.6127066075319147
edouard_2026090112_12h_f06_f18,12,2026-09-01T12:00:00Z,2026-09-01T18:00:00Z,2026-09-02T06:00:00Z,gnn_csgd,76.2,458,3,0.006104888998714739,0.9904761904761905,0.006550218340611353,1.7498956730900097
edouard_2026090112_12h_f12_f24,12,2026-09-01T12:00:00Z,2026-09-02T00:00:00Z,2026-09-02T12:00:00Z,ann_operational,12.7,458,33,0.02366913178049071,0.9977183600713012,0.03275109170305677,3.187695420728401
edouard_2026090112_12h_f12_f24,12,2026-09-01T12:00:00Z,2026-09-02T00:00:00Z,2026-09-02T12:00:00Z,gnn_csgd,12.7,458,33,0.02678466452093413,0.9972905525846703,0.03275109170305677,3.3210560708801338
edouard_2026090112_12h_f12_f24,12,2026-09-01T12:00:00Z,2026-09-02T00:00:00Z,2026-09-02T12:00:00Z,ann_operational,25.4,458,22,0.023246625398994736,0.9944745621351125,0.03711790393013101,3.187695420728401
edouard_2026090112_12h_f12_f24,12,2026-09-01T12:00:00Z,2026-09-02T00:00:00Z,2026-09-02T12:00:00Z,gnn_csgd,25.4,458,22,0.025749157181957878,0.9948915763135947,0.03711790393013101,3.3210560708801338
edouard_2026090112_12h_f12_f24,12,2026-09-01T12:00:00Z,2026-09-02T00:00:00Z,2026-09-02T12:00:00Z,ann_operational,50.8,458,13,0.01968531776943983,0.99533275713051,0.013100436681222707,3.187695420728401
edouard_2026090112_12h_f12_f24,12,2026-09-01T12:00:00Z,2026-09-02T00:00:00Z,2026-09-02T12:00:00Z,gnn_csgd,50.8,458,13,0.020915725228769947,0.9979256698357822,0.013100436681222707,3.3210560708801338
edouard_2026090112_12h_f12_f24,12,2026-09-01T12:00:00Z,2026-09-02T00:00:00Z,2026-09-02T12:00:00Z,ann_operational,76.2,458,11,0.020332766229912116,0.9930852145617246,0.019650655021834062,3.187695420728401
edouard_2026090112_12h_f12_f24,12,2026-09-01T12:00:00Z,2026-09-02T00:00:00Z,2026-09-02T12:00:00Z,gnn_csgd,76.2,458,11,0.020956448259277508,0.9949155989424446,0.019650655021834062,3.3210560708801338
edouard_2026090112_12h_f18_f30,12,2026-09-01T12:00:00Z,2026-09-02T06:00:00Z,2026-09-02T18:00:00Z,ann_operational,12.7,458,47,0.045998268799803316,0.9705440803437386,0.07205240174672489,4.6240250176504025
edouard_2026090112_12h_f18_f30,12,2026-09-01T12:00:00Z,2026-09-02T06:00:00Z,2026-09-02T18:00:00Z,gnn_csgd,12.7,458,47,0.04800688148403175,0.9732360097323601,0.07205240174672489,4.7948242027029835
edouard_2026090112_12h_f18_f30,12,2026-09-01T12:00:00Z,2026-09-02T06:00:00Z,2026-09-02T18:00:00Z,ann_operational,25.4,458,31,0.03565572729328904,0.9899524061343205,0.05021834061135371,4.6240250176504025
edouard_2026090112_12h_f18_f30,12,2026-09-01T12:00:00Z,2026-09-02T06:00:00Z,2026-09-02T18:00:00Z,gnn_csgd,25.4,458,31,0.039221122513020776,0.9925965097831835,0.05021834061135371,4.7948242027029835
edouard_2026090112_12h_f18_f30,12,2026-09-01T12:00:00Z,2026-09-02T06:00:00Z,2026-09-02T18:00:00Z,ann_operational,50.8,458,18,0.028911518404333255,0.9878787878787879,0.04148471615720524,4.6240250176504025
edouard_2026090112_12h_f18_f30,12,2026-09-01T12:00:00Z,2026-09-02T06:00:00Z,2026-09-02T18:00:00Z,gnn_csgd,50.8,458,18,0.030882505640381853,0.9885101010101011,0.04148471615720524,4.7948242027029835
edouard_2026090112_12h_f18_f30,12,2026-09-01T12:00:00Z,2026-09-02T06:00:00Z,2026-09-02T18:00:00Z,ann_operational,76.2,458,15,0.028246438556409004,0.9870579382994733,0.03056768558951965,4.6240250176504025
edouard_2026090112_12h_f18_f30,12,2026-09-01T12:00:00Z,2026-09-02T06:00:00Z,2026-09-02T18:00:00Z,gnn_csgd,76.2,458,15,0.029310152492864373,0.9888638073739654,0.03056768558951965,4.7948242027029835
edouard_2026090112_12h_f24_f36,12,2026-09-01T12:00:00Z,2026-09-02T12:00:00Z,2026-09-03T00:00:00Z,ann_operational,12.7,458,54,0.08195786488160493,0.8776127612761276,0.13537117903930132,3.869523218637266
edouard_2026090112_12h_f24_f36,12,2026-09-01T12:00:00Z,2026-09-02T12:00:00Z,2026-09-03T00:00:00Z,gnn_csgd,12.7,458,54,0.08099304599025167,0.8807297396406307,0.13537117903930132,3.860853139952588
edouard_2026090112_12h_f24_f36,12,2026-09-01T12:00:00Z,2026-09-02T12:00:00Z,2026-09-03T00:00:00Z,ann_operational,25.4,458,30,0.05125310765285394,0.9226635514018692,0.07860262008733625,3.869523218637266
edouard_2026090112_12h_f24_f36,12,2026-09-01T12:00:00Z,2026-09-02T12:00:00Z,2026-09-03T00:00:00Z,gnn_csgd,25.4,458,30,0.05193925877563924,0.9425233644859813,0.07860262008733625,3.860853139952588
edouard_2026090112_12h_f24_f36,12,2026-09-01T12:00:00Z,2026-09-02T12:00:00Z,2026-09-03T00:00:00Z,ann_operational,50.8,458,15,0.02987886445980497,0.9361926260346125,0.04585152838427948,3.869523218637266
edouard_2026090112_12h_f24_f36,12,2026-09-01T12:00:00Z,2026-09-02T12:00:00Z,2026-09-03T00:00:00Z,gnn_csgd,50.8,458,15,0.03051392825072807,0.9428141459744168,0.04585152838427948,3.860853139952588
edouard_2026090112_12h_f24_f36,12,2026-09-01T12:00:00Z,2026-09-02T12:00:00Z,2026-09-03T00:00:00Z,ann_operational,76.2,458,4,0.008469216116614973,0.9366740088105727,0.017467248908296942,3.869523218637266
edouard_2026090112_12h_f24_f36,12,2026-09-01T12:00:00Z,2026-09-02T12:00:00Z,2026-09-03T00:00:00Z,gnn_csgd,76.2,458,4,0.008542736257797542,0.9487885462555066,0.017467248908296942,3.860853139952588
edouard_2026090112_12h_f30_f42,12,2026-09-01T12:00:00Z,2026-09-02T18:00:00Z,2026-09-03T06:00:00Z,ann_operational,12.7,458,49,0.08766304670464829,0.7930243001846216,0.13755458515283842,3.3782595067101626
edouard_2026090112_12h_f30_f42,12,2026-09-01T12:00:00Z,2026-09-02T18:00:00Z,2026-09-03T06:00:00Z,gnn_csgd,12.7,458,49,0.08557991456217898,0.8310463549723067,0.13755458515283842,3.306903981197553
edouard_2026090112_12h_f30_f42,12,2026-09-01T12:00:00Z,2026-09-02T18:00:00Z,2026-09-03T06:00:00Z,ann_operational,25.4,458,27,0.05376307185881378,0.7889490418492738,0.08296943231441048,3.3782595067101626
edouard_2026090112_12h_f30_f42,12,2026-09-01T12:00:00Z,2026-09-02T18:00:00Z,2026-09-03T06:00:00Z,gnn_csgd,25.4,458,27,0.05303547822296073,0.8586405430952995,0.08296943231441048,3.306903981197553
edouard_2026090112_12h_f30_f42,12,2026-09-01T12:00:00Z,2026-09-02T18:00:00Z,2026-09-03T06:00:00Z,ann_operational,50.8,458,6,0.012862579055394662,0.7131268436578171,0.03275109170305677,3.3782595067101626
edouard_2026090112_12h_f30_f42,12,2026-09-01T12:00:00Z,2026-09-02T18:00:00Z,2026-09-03T06:00:00Z,gnn_csgd,50.8,458,6,0.01281589368218383,0.8067846607669616,0.03275109170305677,3.306903981197553
edouard_2026090112_12h_f30_f42,12,2026-09-01T12:00:00Z,2026-09-02T18:00:00Z,2026-09-03T06:00:00Z,ann_operational,76.2,458,0,2.7776144027342532e-05,,0.006550218340611353,3.3782595067101626
edouard_2026090112_12h_f30_f42,12,2026-09-01T12:00:00Z,2026-09-02T18:00:00Z,2026-09-03T06:00:00Z,gnn_csgd,76.2,458,0,1.47187274561552e-05,,0.006550218340611353,3.306903981197553
edouard_2026090112_12h_f36_f48,12,2026-09-01T12:00:00Z,2026-09-03T00:00:00Z,2026-09-03T12:00:00Z,ann_operational,12.7,458,41,0.0658099474085183,0.9015031876937475,0.09606986899563319,2.74456117236968
edouard_2026090112_12h_f36_f48,12,2026-09-01T12:00:00Z,2026-09-03T00:00:00Z,2026-09-03T12:00:00Z,gnn_csgd,12.7,458,41,0.06686604686625497,0.8847751067438732,0.09606986899563319,2.7633255521380455
edouard_2026090112_12h_f36_f48,12,2026-09-01T12:00:00Z,2026-09-03T00:00:00Z,2026-09-03T12:00:00Z,ann_operational,25.4,458,22,0.0412994034210736,0.8888657214345288,0.0611353711790393,2.74456117236968
edouard_2026090112_12h_f36_f48,12,2026-09-01T12:00:00Z,2026-09-03T00:00:00Z,2026-09-03T12:00:00Z,gnn_csgd,25.4,458,22,0.04123961444863399,0.8923060884070059,0.0611353711790393,2.7633255521380455
edouard_2026090112_12h_f36_f48,12,2026-09-01T12:00:00Z,2026-09-03T00:00:00Z,2026-09-03T12:00:00Z,ann_operational,50.8,458,5,0.010312132462347282,0.9342163355408388,0.024017467248908297,2.74456117236968
edouard_2026090112_12h_f36_f48,12,2026-09-01T12:00:00Z,2026-09-03T00:00:00Z,2026-09-03T12:00:00Z,gnn_csgd,50.8,458,5,0.010361295732064566,0.9011037527593819,0.024017467248908297,2.7633255521380455
edouard_2026090112_12h_f36_f48,12,2026-09-01T12:00:00Z,2026-09-03T00:00:00Z,2026-09-03T12:00:00Z,ann_operational,76.2,458,3,0.006383216060457892,0.9501831501831501,0.013100436681222707,2.74456117236968
edouard_2026090112_12h_f36_f48,12,2026-09-01T12:00:00Z,2026-09-03T00:00:00Z,2026-09-03T12:00:00Z,gnn_csgd,76.2,458,3,0.006410673830468105,0.9516483516483516,0.013100436681222707,2.7633255521380455
edouard_2026090212_12h_f00_f12,12,2026-09-02T12:00:00Z,2026-09-02T12:00:00Z,2026-09-03T00:00:00Z,ann_operational,12.7,458,54,0.06912053658828429,0.9292720938760543,0.14192139737991266,2.790265232702762
edouard_2026090212_12h_f00_f12,12,2026-09-02T12:00:00Z,2026-09-02T12:00:00Z,2026-09-03T00:00:00Z,gnn_csgd,12.7,458,54,0.06748273512329454,0.9345892922625596,0.14192139737991266,2.857350495343427
edouard_2026090212_12h_f00_f12,12,2026-09-02T12:00:00Z,2026-09-02T12:00:00Z,2026-09-03T00:00:00Z,ann_operational,25.4,458,30,0.033409432798507104,0.9630841121495327,0.07860262008733625,2.790265232702762
edouard_2026090212_12h_f00_f12,12,2026-09-02T12:00:00Z,2026-09-02T12:00:00Z,2026-09-03T00:00:00Z,gnn_csgd,25.4,458,30,0.03450597480294793,0.9688473520249221,0.07860262008733625,2.857350495343427
edouard_2026090212_12h_f00_f12,12,2026-09-02T12:00:00Z,2026-09-02T12:00:00Z,2026-09-03T00:00:00Z,ann_operational,50.8,458,15,0.017499084679640592,0.9775771256583897,0.043668122270742356,2.790265232702762
edouard_2026090212_12h_f00_f12,12,2026-09-02T12:00:00Z,2026-09-02T12:00:00Z,2026-09-03T00:00:00Z,gnn_csgd,50.8,458,15,0.020348400247560735,0.9765237020316027,0.043668122270742356,2.857350495343427
edouard_2026090212_12h_f00_f12,12,2026-09-02T12:00:00Z,2026-09-02T12:00:00Z,2026-09-03T00:00:00Z,ann_operational,76.2,458,4,0.007156104529401269,0.9845814977973568,0.028384279475982533,2.790265232702762
edouard_2026090212_12h_f00_f12,12,2026-09-02T12:00:00Z,2026-09-02T12:00:00Z,2026-09-03T00:00:00Z,gnn_csgd,76.2,458,4,0.007374494685617726,0.9845814977973568,0.028384279475982533,2.857350495343427
edouard_2026090212_12h_f06_f18,12,2026-09-02T12:00:00Z,2026-09-02T18:00:00Z,2026-09-03T06:00:00Z,ann_operational,12.7,458,49,0.06046501746868533,0.9247542537797515,0.1091703056768559,2.6017065243454294
edouard_2026090212_12h_f06_f18,12,2026-09-02T12:00:00Z,2026-09-02T18:00:00Z,2026-09-03T06:00:00Z,gnn_csgd,12.7,458,49,0.0618939150655537,0.9236565041664587,0.1091703056768559,2.594415975952091
edouard_2026090212_12h_f06_f18,12,2026-09-02T12:00:00Z,2026-09-02T18:00:00Z,2026-09-03T06:00:00Z,ann_operational,25.4,458,27,0.038258991982784166,0.9491277820744178,0.08951965065502183,2.6017065243454294
edouard_2026090212_12h_f06_f18,12,2026-09-02T12:00:00Z,2026-09-02T18:00:00Z,2026-09-03T06:00:00Z,gnn_csgd,25.4,458,27,0.0390844829821901,0.9480965884678182,0.08951965065502183,2.594415975952091
edouard_2026090212_12h_f06_f18,12,2026-09-02T12:00:00Z,2026-09-02T18:00:00Z,2026-09-03T06:00:00Z,ann_operational,50.8,458,6,0.013305905579456,0.8890117994100295,0.04585152838427948,2.6017065243454294
edouard_2026090212_12h_f06_f18,12,2026-09-02T12:00:00Z,2026-09-02T18:00:00Z,2026-09-03T06:00:00Z,gnn_csgd,50.8,458,6,0.012773154330464635,0.8882743362831859,0.04585152838427948,2.594415975952091
edouard_2026090212_12h_f06_f18,12,2026-09-02T12:00:00Z,2026-09-02T18:00:00Z,2026-09-03T06:00:00Z,ann_operational,76.2,458,0,0.0005630802837092111,,0.013100436681222707,2.6017065243454294
edouard_2026090212_12h_f06_f18,12,2026-09-02T12:00:00Z,2026-09-02T18:00:00Z,2026-09-03T06:00:00Z,gnn_csgd,76.2,458,0,0.00028995038754181274,,0.013100436681222707,2.594415975952091
edouard_2026090212_12h_f12_f24,12,2026-09-02T12:00:00Z,2026-09-03T00:00:00Z,2026-09-03T12:00:00Z,ann_operational,12.7,458,41,0.05193041330843374,0.9460139205708604,0.09170305676855896,2.047501270981664
edouard_2026090212_12h_f12_f24,12,2026-09-02T12:00:00Z,2026-09-03T00:00:00Z,2026-09-03T12:00:00Z,gnn_csgd,12.7,458,41,0.0537740259681665,0.9420366146107504,0.09170305676855896,2.084927559425112
edouard_2026090212_12h_f12_f24,12,2026-09-02T12:00:00Z,2026-09-03T00:00:00Z,2026-09-03T12:00:00Z,ann_operational,25.4,458,22,0.03196350588375671,0.9587155963302753,0.0611353711790393,2.047501270981664
edouard_2026090212_12h_f12_f24,12,2026-09-02T12:00:00Z,2026-09-03T00:00:00Z,2026-09-03T12:00:00Z,gnn_csgd,25.4,458,22,0.03278996367657486,0.9594453711426189,0.0611353711790393,2.084927559425112
edouard_2026090212_12h_f12_f24,12,2026-09-02T12:00:00Z,2026-09-03T00:00:00Z,2026-09-03T12:00:00Z,ann_operational,50.8,458,5,0.009478913748628455,0.9655629139072848,0.024017467248908297,2.047501270981664
edouard_2026090212_12h_f12_f24,12,2026-09-02T12:00:00Z,2026-09-03T00:00:00Z,2026-09-03T12:00:00Z,gnn_csgd,50.8,458,5,0.009488270941953857,0.9660044150110375,0.024017467248908297,2.084927559425112
edouard_2026090212_12h_f12_f24,12,2026-09-02T12:00:00Z,2026-09-03T00:00:00Z,2026-09-03T12:00:00Z,ann_operational,76.2,458,3,0.005884739869154571,0.9934065934065934,0.010917030567685589,2.047501270981664
edouard_2026090212_12h_f12_f24,12,2026-09-02T12:00:00Z,2026-09-03T00:00:00Z,2026-09-03T12:00:00Z,gnn_csgd,76.2,458,3,0.0058770519707951364,0.9985347985347985,0.010917030567685589,2.084927559425112
edouard_2026090212_12h_f18_f30,12,2026-09-02T12:00:00Z,2026-09-03T06:00:00Z,2026-09-03T18:00:00Z,ann_operational,12.7,458,48,0.05696026134454088,0.9380589430894309,0.09606986899563319,2.4055593805424316
edouard_2026090212_12h_f18_f30,12,2026-09-02T12:00:00Z,2026-09-03T06:00:00Z,2026-09-03T18:00:00Z,gnn_csgd,12.7,458,48,0.05643668340834794,0.9467479674796748,0.09606986899563319,2.3809769736779427
edouard_2026090212_12h_f18_f30,12,2026-09-02T12:00:00Z,2026-09-03T06:00:00Z,2026-09-03T18:00:00Z,ann_operational,25.4,458,24,0.032413121360873265,0.9646697388632872,0.04585152838427948,2.4055593805424316
edouard_2026090212_12h_f18_f30,12,2026-09-02T12:00:00Z,2026-09-03T06:00:00Z,2026-09-03T18:00:00Z,gnn_csgd,25.4,458,24,0.03247521331314928,0.9754224270353302,0.04585152838427948,2.3809769736779427
edouard_2026090212_12h_f18_f30,12,2026-09-02T12:00:00Z,2026-09-03T06:00:00Z,2026-09-03T18:00:00Z,ann_operational,50.8,458,7,0.013508366598224957,0.9483687044662654,0.03275109170305677,2.4055593805424316
edouard_2026090212_12h_f18_f30,12,2026-09-02T12:00:00Z,2026-09-03T06:00:00Z,2026-09-03T18:00:00Z,gnn_csgd,50.8,458,7,0.013237652129999956,0.9575546404814698,0.03275109170305677,2.3809769736779427
edouard_2026090212_12h_f18_f30,12,2026-09-02T12:00:00Z,2026-09-03T06:00:00Z,2026-09-03T18:00:00Z,ann_operational,76.2,458,3,0.006299751613960591,0.928937728937729,0.013100436681222707,2.4055593805424316
edouard_2026090212_12h_f18_f30,12,2026-09-02T12:00:00Z,2026-09-03T06:00:00Z,2026-09-03T18:00:00Z,gnn_csgd,76.2,458,3,0.006186397040234914,0.9465201465201465,0.013100436681222707,2.3809769736779427
edouard_2026090112_24h_f00_f24,24,2026-09-01T12:00:00Z,2026-09-01T12:00:00Z,2026-09-02T12:00:00Z,ann_operational,12.7,458,52,0.0323677768284796,0.986926866237211,0.05240174672489083,4.101070854605282
edouard_2026090112_24h_f00_f24,24,2026-09-01T12:00:00Z,2026-09-01T12:00:00Z,2026-09-02T12:00:00Z,gnn_csgd,12.7,458,52,0.03599722362088562,0.9847953770367563,0.05240174672489083,4.409793370145957
edouard_2026090112_24h_f00_f24,24,2026-09-01T12:00:00Z,2026-09-01T12:00:00Z,2026-09-02T12:00:00Z,ann_operational,25.4,458,37,0.02783672452703684,0.9901778262823393,0.048034934497816595,4.101070854605282
edouard_2026090112_24h_f00_f24,24,2026-09-01T12:00:00Z,2026-09-01T12:00:00Z,2026-09-02T12:00:00Z,gnn_csgd,25.4,458,37,0.03127798777615958,0.9887012903639982,0.048034934497816595,4.409793370145957
edouard_2026090112_24h_f00_f24,24,2026-09-01T12:00:00Z,2026-09-01T12:00:00Z,2026-09-02T12:00:00Z,ann_operational,50.8,458,19,0.02128529497961082,0.9948447428365903,0.024017467248908297,4.101070854605282
edouard_2026090112_24h_f00_f24,24,2026-09-01T12:00:00Z,2026-09-01T12:00:00Z,2026-09-02T12:00:00Z,gnn_csgd,50.8,458,19,0.024549034197122448,0.9941254046277425,0.024017467248908297,4.409793370145957
edouard_2026090112_24h_f00_f24,24,2026-09-01T12:00:00Z,2026-09-01T12:00:00Z,2026-09-02T12:00:00Z,ann_operational,76.2,458,12,0.018748994433967766,0.9932735426008968,0.021834061135371178,4.101070854605282
edouard_2026090112_24h_f00_f24,24,2026-09-01T12:00:00Z,2026-09-01T12:00:00Z,2026-09-02T12:00:00Z,gnn_csgd,76.2,458,12,0.02060726401349202,0.992339312406577,0.021834061135371178,4.409793370145957
edouard_2026090112_24h_f00_f24,24,2026-09-01T12:00:00Z,2026-09-01T12:00:00Z,2026-09-02T12:00:00Z,ann_operational,127.0,458,7,0.014114651846382546,0.9933481152993349,0.019650655021834062,4.101070854605282
edouard_2026090112_24h_f00_f24,24,2026-09-01T12:00:00Z,2026-09-01T12:00:00Z,2026-09-02T12:00:00Z,gnn_csgd,127.0,458,7,0.014572046989985966,0.9892302819132087,0.019650655021834062,4.409793370145957
edouard_2026090112_24h_f06_f30,24,2026-09-01T12:00:00Z,2026-09-01T18:00:00Z,2026-09-02T18:00:00Z,ann_operational,12.7,458,63,0.04173761803022042,0.9756881655615833,0.06986899563318777,5.618967357722948
edouard_2026090112_24h_f06_f30,24,2026-09-01T12:00:00Z,2026-09-01T18:00:00Z,2026-09-02T18:00:00Z,gnn_csgd,12.7,458,63,0.04345765238426739,0.9749648382559775,0.06986899563318777,5.979769564097038
edouard_2026090112_24h_f06_f30,24,2026-09-01T12:00:00Z,2026-09-01T18:00:00Z,2026-09-02T18:00:00Z,ann_operational,25.4,458,45,0.030822718324505397,0.9967177831584612,0.04148471615720524,5.618967357722948
edouard_2026090112_24h_f06_f30,24,2026-09-01T12:00:00Z,2026-09-01T18:00:00Z,2026-09-02T18:00:00Z,gnn_csgd,25.4,458,45,0.034553036349370354,0.997471078827011,0.04148471615720524,5.979769564097038
edouard_2026090112_24h_f06_f30,24,2026-09-01T12:00:00Z,2026-09-01T18:00:00Z,2026-09-02T18:00:00Z,ann_operational,50.8,458,27,0.030743734728535834,0.9934691071582022,0.043668122270742356,5.618967357722948
edouard_2026090112_24h_f06_f30,24,2026-09-01T12:00:00Z,2026-09-01T18:00:00Z,2026-09-02T18:00:00Z,gnn_csgd,50.8,458,27,0.035027595748495004,0.994156569562602,0.043668122270742356,5.979769564097038
edouard_2026090112_24h_f06_f30,24,2026-09-01T12:00:00Z,2026-09-01T18:00:00Z,2026-09-02T18:00:00Z,ann_operational,76.2,458,17,0.024993620826885013,0.9954648526077098,0.028384279475982533,5.618967357722948
edouard_2026090112_24h_f06_f30,24,2026-09-01T12:00:00Z,2026-09-01T18:00:00Z,2026-09-02T18:00:00Z,gnn_csgd,76.2,458,17,0.02816597207529034,0.99453114579165,0.028384279475982533,5.979769564097038
edouard_2026090112_24h_f06_f30,24,2026-09-01T12:00:00Z,2026-09-01T18:00:00Z,2026-09-02T18:00:00Z,ann_operational,127.0,458,11,0.021355573943138226,0.9967459833231646,0.021834061135371178,5.618967357722948
edouard_2026090112_24h_f06_f30,24,2026-09-01T12:00:00Z,2026-09-01T18:00:00Z,2026-09-02T18:00:00Z,gnn_csgd,127.0,458,11,0.022322867157771067,0.9965426072808623,0.021834061135371178,5.979769564097038
edouard_2026090112_24h_f12_f36,24,2026-09-01T12:00:00Z,2026-09-02T00:00:00Z,2026-09-03T00:00:00Z,ann_operational,12.7,458,66,0.06483711005867751,0.9284941249226963,0.1091703056768559,6.814127280752812
edouard_2026090112_24h_f12_f36,24,2026-09-01T12:00:00Z,2026-09-02T00:00:00Z,2026-09-03T00:00:00Z,gnn_csgd,12.7,458,66,0.06580151875713845,0.9263682745825603,0.1091703056768559,7.1009119832243766
edouard_2026090112_24h_f12_f36,24,2026-09-01T12:00:00Z,2026-09-02T00:00:00Z,2026-09-03T00:00:00Z,ann_operational,25.4,458,49,0.05166930088639494,0.968863829150242,0.08078602620087336,6.814127280752812
edouard_2026090112_24h_f12_f36,24,2026-09-01T12:00:00Z,2026-09-02T00:00:00Z,2026-09-03T00:00:00Z,gnn_csgd,25.4,458,49,0.05473649295858904,0.9751010428621326,0.08078602620087336,7.1009119832243766
edouard_2026090112_24h_f12_f36,24,2026-09-01T12:00:00Z,2026-09-02T00:00:00Z,2026-09-03T00:00:00Z,ann_operational,50.8,458,27,0.037430754252189835,0.9822119102861562,0.05021834061135371,6.814127280752812
edouard_2026090112_24h_f12_f36,24,2026-09-01T12:00:00Z,2026-09-02T00:00:00Z,2026-09-03T00:00:00Z,gnn_csgd,50.8,458,27,0.04180466760866354,0.9809229182779067,0.05021834061135371,7.1009119832243766
edouard_2026090112_24h_f12_f36,24,2026-09-01T12:00:00Z,2026-09-02T00:00:00Z,2026-09-03T00:00:00Z,ann_operational,76.2,458,19,0.032511503180493735,0.9905287135835031,0.039301310043668124,6.814127280752812
edouard_2026090112_24h_f12_f36,24,2026-09-01T12:00:00Z,2026-09-02T00:00:00Z,2026-09-03T00:00:00Z,gnn_csgd,76.2,458,19,0.035021676815668666,0.9911281620908764,0.039301310043668124,7.1009119832243766
edouard_2026090112_24h_f12_f36,24,2026-09-01T12:00:00Z,2026-09-02T00:00:00Z,2026-09-03T00:00:00Z,ann_operational,127.0,458,10,0.02041835821962944,0.9919642857142857,0.017467248908296942,6.814127280752812
edouard_2026090112_24h_f12_f36,24,2026-09-01T12:00:00Z,2026-09-02T00:00:00Z,2026-09-03T00:00:00Z,gnn_csgd,127.0,458,10,0.020929129506205933,0.9919642857142857,0.017467248908296942,7.1009119832243766
edouard_2026090112_24h_f18_f42,24,2026-09-01T12:00:00Z,2026-09-02T06:00:00Z,2026-09-03T06:00:00Z,ann_operational,12.7,458,80,0.09243415531132748,0.8962632275132275,0.15502183406113537,7.661164655183254
edouard_2026090112_24h_f18_f42,24,2026-09-01T12:00:00Z,2026-09-02T06:00:00Z,2026-09-03T06:00:00Z,gnn_csgd,12.7,458,80,0.09249731643601966,0.8953042328042328,0.15502183406113537,7.892690250244846
edouard_2026090112_24h_f18_f42,24,2026-09-01T12:00:00Z,2026-09-02T06:00:00Z,2026-09-03T06:00:00Z,ann_operational,25.4,458,51,0.06615793350548745,0.94416341475165,0.10480349344978165,7.661164655183254
edouard_2026090112_24h_f18_f42,24,2026-09-01T12:00:00Z,2026-09-02T06:00:00Z,2026-09-03T06:00:00Z,gnn_csgd,25.4,458,51,0.068867224088819,0.9498964204846557,0.10480349344978165,7.892690250244846
edouard_2026090112_24h_f18_f42,24,2026-09-01T12:00:00Z,2026-09-02T06:00:00Z,2026-09-03T06:00:00Z,ann_operational,50.8,458,33,0.05466253492337248,0.952156862745098,0.07641921397379912,7.661164655183254
edouard_2026090112_24h_f18_f42,24,2026-09-01T12:00:00Z,2026-09-02T06:00:00Z,2026-09-03T06:00:00Z,gnn_csgd,50.8,458,33,0.058554074593460105,0.9534402852049911,0.07641921397379912,7.892690250244846
edouard_2026090112_24h_f18_f42,24,2026-09-01T12:00:00Z,2026-09-02T06:00:00Z,2026-09-03T06:00:00Z,ann_operational,76.2,458,20,0.03770129004157796,0.9744292237442922,0.04585152838427948,7.661164655183254
edouard_2026090112_24h_f18_f42,24,2026-09-01T12:00:00Z,2026-09-02T06:00:00Z,2026-09-03T06:00:00Z,gnn_csgd,76.2,458,20,0.039772578112540445,0.9745433789954338,0.04585152838427948,7.892690250244846
edouard_2026090112_24h_f18_f42,24,2026-09-01T12:00:00Z,2026-09-02T06:00:00Z,2026-09-03T06:00:00Z,ann_operational,127.0,458,9,0.01900731597395056,0.9774808215788171,0.024017467248908297,7.661164655183254
edouard_2026090112_24h_f18_f42,24,2026-09-01T12:00:00Z,2026-09-02T06:00:00Z,2026-09-03T06:00:00Z,gnn_csgd,127.0,458,9,0.019303858137831895,0.9774808215788171,0.024017467248908297,7.892690250244846
edouard_2026090112_24h_f24_f48,24,2026-09-01T12:00:00Z,2026-09-02T12:00:00Z,2026-09-03T12:00:00Z,ann_operational,12.7,458,93,0.11453359328661755,0.8804242156429518,0.18340611353711792,5.970450871807321
edouard_2026090112_24h_f24_f48,24,2026-09-01T12:00:00Z,2026-09-02T12:00:00Z,2026-09-03T12:00:00Z,gnn_csgd,12.7,458,93,0.11520431383385846,0.8819855648843717,0.18340611353711792,6.033433511898316
edouard_2026090112_24h_f24_f48,24,2026-09-01T12:00:00Z,2026-09-02T12:00:00Z,2026-09-03T12:00:00Z,ann_operational,25.4,458,53,0.08019327125119426,0.9056137898905194,0.1222707423580786,5.970450871807321
edouard_2026090112_24h_f24_f48,24,2026-09-01T12:00:00Z,2026-09-02T12:00:00Z,2026-09-03T12:00:00Z,gnn_csgd,25.4,458,53,0.08112354894409177,0.9181924062427207,0.1222707423580786,6.033433511898316
edouard_2026090112_24h_f24_f48,24,2026-09-01T12:00:00Z,2026-09-02T12:00:00Z,2026-09-03T12:00:00Z,ann_operational,50.8,458,24,0.04610611457203863,0.8871927803379416,0.07641921397379912,5.970450871807321
edouard_2026090112_24h_f24_f48,24,2026-09-01T12:00:00Z,2026-09-02T12:00:00Z,2026-09-03T12:00:00Z,gnn_csgd,50.8,458,24,0.047033520121082355,0.882968509984639,0.07641921397379912,6.033433511898316
edouard_2026090112_24h_f24_f48,24,2026-09-01T12:00:00Z,2026-09-02T12:00:00Z,2026-09-03T12:00:00Z,ann_operational,76.2,458,12,0.024277922152444044,0.9278774289985052,0.043668122270742356,5.970450871807321
edouard_2026090112_24h_f24_f48,24,2026-09-01T12:00:00Z,2026-09-02T12:00:00Z,2026-09-03T12:00:00Z,gnn_csgd,76.2,458,12,0.024934757942538147,0.9181614349775785,0.043668122270742356,6.033433511898316
edouard_2026090112_24h_f24_f48,24,2026-09-01T12:00:00Z,2026-09-02T12:00:00Z,2026-09-03T12:00:00Z,ann_operational,127.0,458,1,0.0021545812137840304,0.9562363238512035,0.010917030567685589,5.970450871807321
edouard_2026090112_24h_f24_f48,24,2026-09-01T12:00:00Z,2026-09-02T12:00:00Z,2026-09-03T12:00:00Z,gnn_csgd,127.0,458,1,0.0021719112047871,0.9343544857768052,0.010917030567685589,6.033433511898316
edouard_2026090212_24h_f00_f24,24,2026-09-02T12:00:00Z,2026-09-02T12:00:00Z,2026-09-03T12:00:00Z,ann_operational,12.7,458,93,0.08656253646251746,0.9244955074385035,0.1331877729257642,4.12017836406592
edouard_2026090212_24h_f00_f24,24,2026-09-02T12:00:00Z,2026-09-02T12:00:00Z,2026-09-03T12:00:00Z,gnn_csgd,12.7,458,93,0.08810277371536965,0.9240241567241125,0.1331877729257642,4.229237932240218
edouard_2026090212_24h_f00_f24,24,2026-09-02T12:00:00Z,2026-09-02T12:00:00Z,2026-09-03T12:00:00Z,ann_operational,25.4,458,53,0.047648220592941305,0.9607733519683205,0.09388646288209607,4.12017836406592
edouard_2026090212_24h_f00_f24,24,2026-09-02T12:00:00Z,2026-09-02T12:00:00Z,2026-09-03T12:00:00Z,gnn_csgd,25.4,458,53,0.04857879611103438,0.9631493128348474,0.09388646288209607,4.229237932240218
edouard_2026090212_24h_f00_f24,24,2026-09-02T12:00:00Z,2026-09-02T12:00:00Z,2026-09-03T12:00:00Z,ann_operational,50.8,458,24,0.028341496396255248,0.9595814132104454,0.06331877729257641,4.12017836406592
edouard_2026090212_24h_f00_f24,24,2026-09-02T12:00:00Z,2026-09-02T12:00:00Z,2026-09-03T12:00:00Z,gnn_csgd,50.8,458,24,0.029443019261049155,0.9574692780337941,0.06331877729257641,4.229237932240218
edouard_2026090212_24h_f00_f24,24,2026-09-02T12:00:00Z,2026-09-02T12:00:00Z,2026-09-03T12:00:00Z,ann_operational,76.2,458,12,0.015839186495430497,0.9867339312406577,0.048034934497816595,4.12017836406592
edouard_2026090212_24h_f00_f24,24,2026-09-02T12:00:00Z,2026-09-02T12:00:00Z,2026-09-03T12:00:00Z,gnn_csgd,76.2,458,12,0.016869194944293536,0.9861733931240658,0.048034934497816595,4.229237932240218
edouard_2026090212_24h_f00_f24,24,2026-09-02T12:00:00Z,2026-09-02T12:00:00Z,2026-09-03T12:00:00Z,ann_operational,127.0,458,1,0.002042688847543327,0.9978118161925602,0.015283842794759825,4.12017836406592
edouard_2026090212_24h_f00_f24,24,2026-09-02T12:00:00Z,2026-09-02T12:00:00Z,2026-09-03T12:00:00Z,gnn_csgd,127.0,458,1,0.001940174035327606,0.9978118161925602,0.015283842794759825,4.229237932240218
edouard_2026090212_24h_f06_f30,24,2026-09-02T12:00:00Z,2026-09-02T18:00:00Z,2026-09-03T18:00:00Z,ann_operational,12.7,458,98,0.07726986027388523,0.9369614512471656,0.14192139737991266,4.029545548537398
edouard_2026090212_24h_f06_f30,24,2026-09-02T12:00:00Z,2026-09-02T18:00:00Z,2026-09-03T18:00:00Z,gnn_csgd,12.7,458,98,0.075664860929128,0.9452380952380952,0.14192139737991266,3.9417995294126844
edouard_2026090212_24h_f06_f30,24,2026-09-02T12:00:00Z,2026-09-02T18:00:00Z,2026-09-03T18:00:00Z,ann_operational,25.4,458,56,0.05157945765214475,0.9587775408670931,0.0982532751091703,4.029545548537398
edouard_2026090212_24h_f06_f30,24,2026-09-02T12:00:00Z,2026-09-02T18:00:00Z,2026-09-03T18:00:00Z,gnn_csgd,25.4,458,56,0.05093180538670295,0.9633972992181947,0.0982532751091703,3.9417995294126844
edouard_2026090212_24h_f06_f30,24,2026-09-02T12:00:00Z,2026-09-02T18:00:00Z,2026-09-03T18:00:00Z,ann_operational,50.8,458,19,0.03310502361580203,0.9202733485193622,0.08078602620087336,4.029545548537398
edouard_2026090212_24h_f06_f30,24,2026-09-02T12:00:00Z,2026-09-02T18:00:00Z,2026-09-03T18:00:00Z,gnn_csgd,50.8,458,19,0.03244673987240863,0.9223114734444311,0.08078602620087336,3.9417995294126844
edouard_2026090212_24h_f06_f30,24,2026-09-02T12:00:00Z,2026-09-02T18:00:00Z,2026-09-03T18:00:00Z,ann_operational,76.2,458,8,0.015011374932856083,0.9372222222222222,0.043668122270742356,4.029545548537398
edouard_2026090212_24h_f06_f30,24,2026-09-02T12:00:00Z,2026-09-02T18:00:00Z,2026-09-03T18:00:00Z,gnn_csgd,76.2,458,8,0.014806854286044668,0.95,0.043668122270742356,3.9417995294126844
edouard_2026090212_24h_f06_f30,24,2026-09-02T12:00:00Z,2026-09-02T18:00:00Z,2026-09-03T18:00:00Z,ann_operational,127.0,458,0,0.0002428674313997734,,0.017467248908296942,4.029545548537398
edouard_2026090212_24h_f06_f30,24,2026-09-02T12:00:00Z,2026-09-02T18:00:00Z,2026-09-03T18:00:00Z,gnn_csgd,127.0,458,0,0.00011308424739655367,,0.017467248908296942,3.9417995294126844
