initialization,duration_hours,window,start_forecast_hour,end_forecast_hour,valid_time,verification_month,threshold,display_label,threshold_kind,domain_count,excluded_land_count,common_mask_count,threshold_minimum_mm,threshold_maximum_mm,n_samples,n_events,n_forecast_events,base_rate,H,M,F,CN,POD,FAR,CSI,brier_score,bs_climatology,brier_skill_score
2026072312,6,f00_f06,0,6,2026-07-23T18:00:00,7,0p25inch,0.25 inch,fixed,13318,0,13318,6.349999904632568,6.349999904632568,13318,261,217,0.019597537167742905,153,108,64,12993,0.5862068965517241,0.29493087557603687,0.4707692307692308,0.010150158234838164,0.019002637432709857,0.46585529136253645
2026072312,6,f00_f06,0,6,2026-07-23T18:00:00,7,0p5inch,0.5 inch,fixed,13318,0,13318,12.699999809265137,12.699999809265137,13318,147,47,0.011037693347349452,42,105,5,13166,0.2857142857142857,0.10638297872340426,0.27631578947368424,0.007146093293456256,0.01076436475652577,0.3361342303897663
2026072312,6,f00_f06,0,6,2026-07-23T18:00:00,7,1inch,1 inch,fixed,13318,0,13318,25.399999618530273,25.399999618530273,13318,40,0,0.003003453972067878,0,40,0,13278,0.0,,0.0,0.002490568650331881,0.0029816354745469545,0.16469713632236982
2026072312,6,f00_f06,0,6,2026-07-23T18:00:00,7,2inch,2 inches,fixed,13318,0,13318,50.79999923706055,50.79999923706055,13318,9,0,0.0006757771437152726,0,9,0,13309,0.0,,0.0,0.0006403084854537306,0.0006747709437107299,0.051072824901857494
2026072312,6,f00_f06,0,6,2026-07-23T18:00:00,7,2yr6h_ari,2-year 6-hour ARI,ari,13301,17,13301,10.230066299438477,110.2435531616211,13301,6,0,0.00045109390271408167,0,6,0,13295,0.0,,0.0,0.0004447728410909408,0.0004525498165902947,0.01718479427955355
2026072312,6,f00_f06,0,6,2026-07-23T18:00:00,7,5yr6h_ari,5-year 6-hour ARI,ari,13301,17,13301,14.209089279174805,138.58877563476562,13301,2,0,0.00015036463423802722,0,2,0,13299,0.0,,0.0,0.0001496348352471298,0.00015091089721893113,0.008455731132193112
2026072312,6,f06_f12,6,12,2026-07-24T00:00:00,7,0p25inch,0.25 inch,fixed,13318,0,13318,6.349999904632568,6.349999904632568,13318,382,251,0.028682985433248237,90,292,161,12775,0.2356020942408377,0.6414342629482072,0.16574585635359115,0.024055695253140122,0.02767255929942292,0.1307021879381508
2026072312,6,f06_f12,6,12,2026-07-24T00:00:00,7,0p5inch,0.5 inch,fixed,13318,0,13318,12.699999809265137,12.699999809265137,13318,134,47,0.01006157080642739,14,120,33,13151,0.1044776119402985,0.7021276595744681,0.08383233532934131,0.009571103376984774,0.010021034198391782,0.044898641447527865
2026072312,6,f06_f12,6,12,2026-07-24T00:00:00,7,1inch,1 inch,fixed,13318,0,13318,25.399999618530273,25.399999618530273,13318,31,0,0.0023276768283526056,0,31,0,13287,0.0,,0.0,0.002446934335896737,0.002338420048949262,-0.04640495919295362
2026072312,6,f06_f12,6,12,2026-07-24T00:00:00,7,2inch,2 inches,fixed,13318,0,13318,50.79999923706055,50.79999923706055,13318,1,0,7.508634930169695e-05,0,1,0,13317,0.0,,0.0,8.473892772262069e-05,7.651012833734476e-05,-0.10755176555179591
2026072312,6,f06_f12,6,12,2026-07-24T00:00:00,7,2yr6h_ari,2-year 6-hour ARI,ari,13301,17,13301,10.230066299438477,110.2435531616211,13301,9,0,0.0006766408540711225,0,9,0,13292,0.0,,0.0,0.0006768771538092391,0.0006759069916651647,-0.0014353485849945002
2026072312,6,f06_f12,6,12,2026-07-24T00:00:00,7,5yr6h_ari,5-year 6-hour ARI,ari,13301,17,13301,14.209089279174805,138.58877563476562,13301,3,0,0.00022554695135704083,0,3,0,13298,0.0,,0.0,0.000225391438926925,0.00022560659738246134,0.0009536886688272794
2026072312,12,f00_f12,0,12,2026-07-24T00:00:00,7,0p5inch,0.5 inch,fixed,13318,0,13318,12.699999809265137,12.699999809265137,13318,294,171,0.022075386694698905,114,180,57,12967,0.3877551020408163,0.3333333333333333,0.3247863247863248,0.015248589534602307,0.021423704442491222,0.2882374952690886
2026072312,12,f00_f12,0,12,2026-07-24T00:00:00,7,1inch,1 inch,fixed,13318,0,13318,25.399999618530273,25.399999618530273,13318,105,17,0.007884066676678179,12,93,5,13208,0.11428571428571428,0.29411764705882354,0.10909090909090909,0.006123231377452449,0.00775891048824559,0.21081298892043188
2026072312,12,f00_f12,0,12,2026-07-24T00:00:00,7,2inch,2 inches,fixed,13318,0,13318,50.79999923706055,50.79999923706055,13318,18,0,0.0013515542874305451,0,18,0,13300,0.0,,0.0,0.0012489711017980526,0.0013479367577689718,0.07342010328045467
2026072312,12,f00_f12,0,12,2026-07-24T00:00:00,7,3inch,3 inches,fixed,13318,0,13318,76.19999694824219,76.19999694824219,13318,5,0,0.00037543174650848477,0,5,0,13313,0.0,,0.0,0.00034322601104982704,0.000376001948583427,0.08716959488396825
2026072312,12,f00_f12,0,12,2026-07-24T00:00:00,7,2yr12h_ari,2-year 12-hour ARI,ari,12753,565,12753,12.478196144104004,130.89535522460938,12753,10,0,0.000784129224496197,0,10,0,12743,0.0,,0.0,0.0007615363823484439,0.0007849787971454654,0.02986375540622077
2026072312,12,f00_f12,0,12,2026-07-24T00:00:00,7,5yr12h_ari,5-year 12-hour ARI,ari,12753,565,12753,17.717864990234375,165.05723571777344,12753,3,0,0.0002352387673488591,0,3,0,12750,0.0,,0.0,0.00023180540453247454,0.00023564778889708152,0.016305624519503237
2026072312,6,f12_f18,12,18,2026-07-24T06:00:00,7,0p25inch,0.25 inch,fixed,13318,0,13318,6.349999904632568,6.349999904632568,13318,283,227,0.021249436852380236,75,208,152,12883,0.26501766784452296,0.6696035242290749,0.1724137931034483,0.01890163029497032,0.021113803138373383,0.10477377424167311
2026072312,6,f12_f18,12,18,2026-07-24T06:00:00,7,0p5inch,0.5 inch,fixed,13318,0,13318,12.699999809265137,12.699999809265137,13318,127,27,0.009535966361315512,2,125,25,13166,0.015748031496062992,0.9259259259259259,0.013157894736842105,0.009361315967656193,0.009539169374062788,0.018644538054873205
2026072312,6,f12_f18,12,18,2026-07-24T06:00:00,7,1inch,1 inch,fixed,13318,0,13318,25.399999618530273,25.399999618530273,13318,42,0,0.003153626670671272,0,42,0,13276,0.0,,0.0,0.0031310260414761162,0.0031522199965215185,0.006723501236839402
2026072312,6,f12_f18,12,18,2026-07-24T06:00:00,7,2inch,2 inches,fixed,13318,0,13318,50.79999923706055,50.79999923706055,13318,8,0,0.0006006907944135756,0,8,0,13310,0.0,,0.0,0.0006058805401589063,0.0006016285776271994,-0.007067421146243369
2026072312,6,f12_f18,12,18,2026-07-24T06:00:00,7,2yr6h_ari,2-year 6-hour ARI,ari,13301,17,13301,10.230066299438477,110.2435531616211,13301,11,0,0.0008270054883091496,0,11,0,13290,0.0,,0.0,0.0008313975749048711,0.0008267582428411708,-0.005611473612596951
2026072312,6,f12_f18,12,18,2026-07-24T06:00:00,7,5yr6h_ari,5-year 6-hour ARI,ari,13301,17,13301,14.209089279174805,138.58877563476562,13301,6,0,0.00045109390271408167,0,6,0,13295,0.0,,0.0,0.0004521581573592672,0.0004509102402617604,-0.0027675510247502366
2026072312,12,f06_f18,6,18,2026-07-24T06:00:00,7,0p5inch,0.5 inch,fixed,13318,0,13318,12.699999809265137,12.699999809265137,13318,311,172,0.02335185463282775,57,254,115,12892,0.1832797427652733,0.6686046511627907,0.13380281690140844,0.02112357555385859,0.023010285110285605,0.08199418422606397
2026072312,12,f06_f18,6,18,2026-07-24T06:00:00,7,1inch,1 inch,fixed,13318,0,13318,25.399999618530273,25.399999618530273,13318,86,12,0.006457426039945938,0,86,12,13220,0.0,1.0,0.0,0.0064717489036841816,0.006450698728480631,-0.0032632395480836074
2026072312,12,f06_f18,6,18,2026-07-24T06:00:00,7,2inch,2 inches,fixed,13318,0,13318,50.79999923706055,50.79999923706055,13318,16,0,0.0012013815888271512,0,16,0,13302,0.0,,0.0,0.0012349853876886903,0.0012024442382130554,-0.02706250189530124
2026072312,12,f06_f18,6,18,2026-07-24T06:00:00,7,3inch,3 inches,fixed,13318,0,13318,76.19999694824219,76.19999694824219,13318,4,0,0.0003003453972067878,0,4,0,13314,0.0,,0.0,0.00030706766286428707,0.00030071211323618753,-0.02113499705649602
2026072312,12,f06_f18,6,18,2026-07-24T06:00:00,7,2yr12h_ari,2-year 12-hour ARI,ari,12753,565,12753,12.478196144104004,130.89535522460938,12753,13,0,0.0010193679918450561,0,13,0,12740,0.0,,0.0,0.0010232743762446548,0.0010191550587487998,-0.004041894764190479
2026072312,12,f06_f18,6,18,2026-07-24T06:00:00,7,5yr12h_ari,5-year 12-hour ARI,ari,12753,565,12753,17.717864990234375,165.05723571777344,12753,4,0,0.0003136516897984788,0,4,0,12749,0.0,,0.0,0.0003150282370703161,0.00031406071134670134,-0.003080696466189581
2026072312,6,f18_f24,18,24,2026-07-24T12:00:00,7,0p25inch,0.25 inch,fixed,13318,0,13318,6.349999904632568,6.349999904632568,13318,265,272,0.019897882564949693,78,187,194,12859,0.2943396226415094,0.7132352941176471,0.16993464052287582,0.01686054137971412,0.019625198040355764,0.14087280316645023
2026072312,6,f18_f24,18,24,2026-07-24T12:00:00,7,0p5inch,0.5 inch,fixed,13318,0,13318,12.699999809265137,12.699999809265137,13318,119,48,0.008935275566901938,24,95,24,13175,0.20168067226890757,0.5,0.16783216783216784,0.007890703724062732,0.008857803278472909,0.10918051846562404
2026072312,6,f18_f24,18,24,2026-07-24T12:00:00,7,1inch,1 inch,fixed,13318,0,13318,25.399999618530273,25.399999618530273,13318,46,9,0.00345397206787806,0,46,9,13263,0.0,1.0,0.0,0.0031814063884815055,0.0034272936123991315,0.07174384564779179
2026072312,6,f18_f24,18,24,2026-07-24T12:00:00,7,2inch,2 inches,fixed,13318,0,13318,50.79999923706055,50.79999923706055,13318,7,0,0.0005256044451118786,0,7,0,13311,0.0,,0.0,0.00053834225249487,0.0005265422283255025,-0.02241040420802287
2026072312,6,f18_f24,18,24,2026-07-24T12:00:00,7,2yr6h_ari,2-year 6-hour ARI,ari,13301,17,13301,10.230066299438477,110.2435531616211,13301,3,0,0.00022554695135704083,0,3,0,13298,0.0,,0.0,0.00022834674648156746,0.00022724617371099558,-0.00484308603572603
2026072312,6,f18_f24,18,24,2026-07-24T12:00:00,7,5yr6h_ari,5-year 6-hour ARI,ari,13301,17,13301,14.209089279174805,138.58877563476562,13301,0,0,0.0,0,0,0,13301,,,,1.9154128156428704e-06,5.462629809039255e-07,-2.5063932256096724
2026072312,12,f12_f24,12,24,2026-07-24T12:00:00,7,0p5inch,0.5 inch,fixed,13318,0,13318,12.699999809265137,12.699999809265137,13318,275,166,0.020648746057966662,68,207,98,12945,0.24727272727272728,0.5903614457831325,0.18230563002680966,0.017860123604867564,0.020322234502060405,0.12115355213242984
2026072312,12,f12_f24,12,24,2026-07-24T12:00:00,7,1inch,1 inch,fixed,13318,0,13318,25.399999618530273,25.399999618530273,13318,102,24,0.007658807628773089,8,94,16,13200,0.0784313725490196,0.6666666666666666,0.06779661016949153,0.007154073543924035,0.00755786628073907,0.05342681675171801
2026072312,12,f12_f24,12,24,2026-07-24T12:00:00,7,2inch,2 inches,fixed,13318,0,13318,50.79999923706055,50.79999923706055,13318,15,4,0.0011262952395254542,0,15,4,13299,0.0,1.0,0.0,0.0012437770349346777,0.0011291892631813817,-0.10147791472127188
2026072312,12,f12_f24,12,24,2026-07-24T12:00:00,7,3inch,3 inches,fixed,13318,0,13318,76.19999694824219,76.19999694824219,13318,6,0,0.0004505180958101817,0,6,0,13312,0.0,,0.0,0.00047905008242205135,0.00045047783974849645,-0.06342652213371225
2026072312,12,f12_f24,12,24,2026-07-24T12:00:00,7,2yr12h_ari,2-year 12-hour ARI,ari,12753,565,12753,12.478196144104004,130.89535522460938,12753,9,0,0.0007057163020465773,0,9,0,12744,0.0,,0.0,0.0007335392975290205,0.0007074158792557515,-0.03692795007761562
2026072312,12,f12_f24,12,24,2026-07-24T12:00:00,7,5yr12h_ari,5-year 12-hour ARI,ari,12753,565,12753,17.717864990234375,165.05723571777344,12753,3,0,0.0002352387673488591,0,3,0,12750,0.0,,0.0,0.0002424008905607167,0.0002362852923078825,-0.025882263737624145
2026072312,24,f00_f24,0,24,2026-07-24T12:00:00,7,0p5inch,0.5 inch,fixed,13318,0,13318,12.699999809265137,12.699999809265137,13318,591,419,0.0443760324373029,240,351,179,12548,0.40609137055837563,0.42720763723150357,0.3116883116883117,0.030819152878590578,0.04282263087121901,0.28030687859245795
2026072312,24,f00_f24,0,24,2026-07-24T12:00:00,7,1inch,1 inch,fixed,13318,0,13318,25.399999618530273,25.399999618530273,13318,233,85,0.01749511938729539,65,168,20,13065,0.27896995708154504,0.23529411764705882,0.25691699604743085,0.0118418823095466,0.016952342761492135,0.30146042490092473
2026072312,24,f00_f24,0,24,2026-07-24T12:00:00,7,2inch,2 inches,fixed,13318,0,13318,50.79999923706055,50.79999923706055,13318,69,20,0.00518095810181709,10,59,10,13239,0.14492753623188406,0.5,0.12658227848101267,0.0042152858354503895,0.005108793920667414,0.1748960907587943
2026072312,24,f00_f24,0,24,2026-07-24T12:00:00,7,3inch,3 inches,fixed,13318,0,13318,76.19999694824219,76.19999694824219,13318,27,5,0.0020273314311458177,1,26,4,13287,0.037037037037037035,0.8,0.03225806451612903,0.0018037024149693533,0.0020276607621737583,0.11045158607513317
2026072312,24,f00_f24,0,24,2026-07-24T12:00:00,7,5inch,5 inches,fixed,13318,0,13318,127.0,127.0,13318,5,0,0.00037543174650848477,0,5,0,13313,0.0,,0.0,0.000339100117756786,0.0003760052534774864,0.09815058534257992
2026072312,24,f00_f24,0,24,2026-07-24T12:00:00,7,2yr24h_ari,2-year 24-hour ARI,ari,13301,17,13301,16.759721755981445,216.82583618164062,13301,18,0,0.001353281708142245,0,18,0,13283,0.0,,0.0,0.001273456860958893,0.0013591443982625012,0.0630452050666207
2026072312,24,f00_f24,0,24,2026-07-24T12:00:00,7,5yr24h_ari,5-year 24-hour ARI,ari,13301,17,13301,24.2753963470459,256.41436767578125,13301,7,0,0.0005262762198330953,0,7,0,13294,0.0,,0.0,0.0005046272323925289,0.000527691096807617,0.04370713198425735
2026072312,6,f24_f30,24,30,2026-07-24T18:00:00,7,0p25inch,0.25 inch,fixed,13318,0,13318,6.349999904632568,6.349999904632568,13318,264,131,0.019822796215647996,41,223,90,12964,0.1553030303030303,0.6870229007633588,0.11581920903954802,0.016631508468416087,0.01939580802882885,0.14252046402521934
2026072312,6,f24_f30,24,30,2026-07-24T18:00:00,7,0p5inch,0.5 inch,fixed,13318,0,13318,12.699999809265137,12.699999809265137,13318,103,1,0.007733893978074786,1,102,0,13215,0.009708737864077669,0.0,0.009708737864077669,0.007179135886511538,0.0077249470960232035,0.0706556566313119
2026072312,6,f24_f30,24,30,2026-07-24T18:00:00,7,1inch,1 inch,fixed,13318,0,13318,25.399999618530273,25.399999618530273,13318,22,0,0.001651899684637333,0,22,0,13296,0.0,,0.0,0.0016108307477865362,0.001671633827687939,0.03637344428803557
2026072312,6,f24_f30,24,30,2026-07-24T18:00:00,7,2inch,2 inches,fixed,13318,0,13318,50.79999923706055,50.79999923706055,13318,3,0,0.00022525904790509084,0,3,0,13315,0.0,,0.0,0.00022348832237304835,0.00022741182063006874,0.017252833410989377
2026072312,6,f24_f30,24,30,2026-07-24T18:00:00,7,2yr6h_ari,2-year 6-hour ARI,ari,13301,17,13301,10.230066299438477,110.2435531616211,13301,2,0,0.00015036463423802722,0,2,0,13299,0.0,,0.0,0.00014933470463852384,0.00015206385659198197,0.017947407192104747
2026072312,6,f24_f30,24,30,2026-07-24T18:00:00,7,5yr6h_ari,5-year 6-hour ARI,ari,13301,17,13301,14.209089279174805,138.58877563476562,13301,1,0,7.518231711901361e-05,0,1,0,13300,0.0,,0.0,7.495325292397988e-05,7.572858009991754e-05,0.010238237332783506
2026072312,12,f18_f30,18,30,2026-07-24T18:00:00,7,0p5inch,0.5 inch,fixed,13318,0,13318,12.699999809265137,12.699999809265137,13318,238,121,0.017870551133803876,49,189,72,13008,0.20588235294117646,0.5950413223140496,0.15806451612903225,0.014962288232571537,0.01761363180456407,0.15052793208187265
2026072312,12,f18_f30,18,30,2026-07-24T18:00:00,7,1inch,1 inch,fixed,13318,0,13318,25.399999618530273,25.399999618530273,13318,106,13,0.007959153025979876,7,99,6,13206,0.0660377358490566,0.46153846153846156,0.0625,0.006908053280817344,0.007826671342809835,0.11737021036872863
2026072312,12,f18_f30,18,30,2026-07-24T18:00:00,7,2inch,2 inches,fixed,13318,0,13318,50.79999923706055,50.79999923706055,13318,17,0,0.0012764679381288481,0,17,0,13301,0.0,,0.0,0.0012831375746759134,0.0012793619617847756,-0.002951168632425505
2026072312,12,f18_f30,18,30,2026-07-24T18:00:00,7,3inch,3 inches,fixed,13318,0,13318,76.19999694824219,76.19999694824219,13318,6,0,0.0004505180958101817,0,6,0,13312,0.0,,0.0,0.00045199011790749127,0.0004516987560217514,-0.0006450358382785737
2026072312,12,f18_f30,18,30,2026-07-24T18:00:00,7,2yr12h_ari,2-year 12-hour ARI,ari,12753,565,12753,12.478196144104004,130.89535522460938,12753,4,0,0.0003136516897984788,0,4,0,12749,0.0,,0.0,0.0003175686175824231,0.0003170512762004925,-0.0016317278016677594
2026072312,12,f18_f30,18,30,2026-07-24T18:00:00,7,5yr12h_ari,5-year 12-hour ARI,ari,12753,565,12753,17.717864990234375,165.05723571777344,12753,1,0,7.84129224496197e-05,0,1,0,12752,0.0,,0.0,7.944176553454957e-05,7.945944740864307e-05,0.000222527020639407
2026072312,24,f06_f30,6,30,2026-07-24T18:00:00,7,0p5inch,0.5 inch,fixed,13318,0,13318,12.699999809265137,12.699999809265137,13318,589,474,0.044225859738699504,206,383,268,12461,0.34974533106960953,0.5654008438818565,0.24037339556592766,0.03336899576939448,0.042712763387926574,0.2187582089613349
2026072312,24,f06_f30,6,30,2026-07-24T18:00:00,7,1inch,1 inch,fixed,13318,0,13318,25.399999618530273,25.399999618530273,13318,231,56,0.017344946688691996,39,192,17,13070,0.16883116883116883,0.30357142857142855,0.15725806451612903,0.013790869962764707,0.016881757500766936,0.18309038841849312
2026072312,24,f06_f30,6,30,2026-07-24T18:00:00,7,2inch,2 inches,fixed,13318,0,13318,50.79999923706055,50.79999923706055,13318,47,17,0.0035290584171797567,5,42,12,13259,0.10638297872340426,0.7058823529411765,0.0847457627118644,0.003453574610218243,0.0035254335470018172,0.02038300703318774
2026072312,24,f06_f30,6,30,2026-07-24T18:00:00,7,3inch,3 inches,fixed,13318,0,13318,76.19999694824219,76.19999694824219,13318,14,4,0.0010512088902237572,0,14,4,13300,0.0,1.0,0.0,0.001141915478814173,0.0010550163354759398,-0.08236758087639595
2026072312,24,f06_f30,6,30,2026-07-24T18:00:00,7,5inch,5 inches,fixed,13318,0,13318,127.0,127.0,13318,1,0,7.508634930169695e-05,0,1,0,13317,0.0,,0.0,9.53590491765071e-05,7.565985627069868e-05,-0.2603651906940969
2026072312,24,f06_f30,6,30,2026-07-24T18:00:00,7,2yr24h_ari,2-year 24-hour ARI,ari,13301,17,13301,16.759721755981445,216.82583618164062,13301,11,0,0.0008270054883091496,0,11,0,13290,0.0,,0.0,0.0008775780815777622,0.0008332778913235135,-0.05316376531229672
2026072312,24,f06_f30,6,30,2026-07-24T18:00:00,7,5yr24h_ari,5-year 24-hour ARI,ari,13301,17,13301,24.2753963470459,256.41436767578125,13301,5,0,0.00037591158559506803,0,5,0,13296,0.0,,0.0,0.00038599191623914,0.0003773264625695898,-0.0229654013941627
2026072312,6,f30_f36,30,36,2026-07-25T00:00:00,7,0p25inch,0.25 inch,fixed,13318,0,13318,6.349999904632568,6.349999904632568,13318,348,169,0.02613004955699054,38,310,131,12839,0.10919540229885058,0.7751479289940828,0.07933194154488518,0.02406330362984981,0.025378416180499776,0.05182011916332552
2026072312,6,f30_f36,30,36,2026-07-25T00:00:00,7,0p5inch,0.5 inch,fixed,13318,0,13318,12.699999809265137,12.699999809265137,13318,187,0,0.01404114731941733,0,187,0,13131,0.0,,0.0,0.013286291672983057,0.013820306273788352,0.03863985285319682
2026072312,6,f30_f36,30,36,2026-07-25T00:00:00,7,1inch,1 inch,fixed,13318,0,13318,25.399999618530273,25.399999618530273,13318,69,0,0.00518095810181709,0,69,0,13249,0.0,,0.0,0.005045236714396634,0.005145288724688403,0.01944536364144034
2026072312,6,f30_f36,30,36,2026-07-25T00:00:00,7,2inch,2 inches,fixed,13318,0,13318,50.79999923706055,50.79999923706055,13318,7,0,0.0005256044451118786,0,7,0,13311,0.0,,0.0,0.0005262237428788568,0.0005260562325209608,-0.0003184267147509079
2026072312,6,f30_f36,30,36,2026-07-25T00:00:00,7,2yr6h_ari,2-year 6-hour ARI,ari,13301,17,13301,10.230066299438477,110.2435531616211,13301,14,0,0.0010525524396661906,0,14,0,13287,0.0,,0.0,0.0010507566394054337,0.0010518185772427282,0.0010096207276337754
2026072312,6,f30_f36,30,36,2026-07-25T00:00:00,7,5yr6h_ari,5-year 6-hour ARI,ari,13301,17,13301,14.209089279174805,138.58877563476562,13301,6,0,0.00045109390271408167,0,6,0,13295,0.0,,0.0,0.00045078161274658403,0.0004513968572172439,0.0013629790744507098
2026072312,12,f24_f36,24,36,2026-07-25T00:00:00,7,0p5inch,0.5 inch,fixed,13318,0,13318,12.699999809265137,12.699999809265137,13318,307,76,0.023051509235620965,15,292,61,12950,0.048859934853420196,0.8026315789473685,0.04076086956521739,0.020967524312647957,0.02244215209095599,0.06570794869990637
2026072312,12,f24_f36,24,36,2026-07-25T00:00:00,7,1inch,1 inch,fixed,13318,0,13318,25.399999618530273,25.399999618530273,13318,101,0,0.007583721279471392,0,101,0,13217,0.0,,0.0,0.007359029197164543,0.007537924649954217,0.02373271969371049
2026072312,12,f24_f36,24,36,2026-07-25T00:00:00,7,2inch,2 inches,fixed,13318,0,13318,50.79999923706055,50.79999923706055,13318,13,0,0.0009761225409220603,0,13,0,13305,0.0,,0.0,0.0009782970820143297,0.0009810514249285185,0.0028075418313463496
2026072312,12,f24_f36,24,36,2026-07-25T00:00:00,7,3inch,3 inches,fixed,13318,0,13318,76.19999694824219,76.19999694824219,13318,3,0,0.00022525904790509084,0,3,0,13315,0.0,,0.0,0.0002256856534225366,0.0002264397081166606,0.003330046220230476
2026072312,12,f24_f36,24,36,2026-07-25T00:00:00,7,2yr12h_ari,2-year 12-hour ARI,ari,12753,565,12753,12.478196144104004,130.89535522460938,12753,10,0,0.000784129224496197,0,10,0,12743,0.0,,0.0,0.0007837475224886691,0.0007843412937711784,0.0007570317758669454
2026072312,12,f24_f36,24,36,2026-07-25T00:00:00,7,5yr12h_ari,5-year 12-hour ARI,ari,12753,565,12753,17.717864990234375,165.05723571777344,12753,3,0,0.0002352387673488591,0,3,0,12750,0.0,,0.0,0.0002354972943396036,0.0002360727911587776,0.0024377939378322777
2026072312,24,f12_f36,12,36,2026-07-25T00:00:00,7,0p5inch,0.5 inch,fixed,13318,0,13318,12.699999809265137,12.699999809265137,13318,599,540,0.044976723231716476,202,397,338,12381,0.337228714524207,0.6259259259259259,0.21558164354322304,0.03591865306562913,0.04310394894424303,0.16669692811460068
2026072312,24,f12_f36,12,36,2026-07-25T00:00:00,7,1inch,1 inch,fixed,13318,0,13318,25.399999618530273,25.399999618530273,13318,259,41,0.01944736446913951,23,236,18,13041,0.0888030888030888,0.43902439024390244,0.08303249097472924,0.016565217454614794,0.01885957695449435,0.12165487621570414
2026072312,24,f12_f36,12,36,2026-07-25T00:00:00,7,2inch,2 inches,fixed,13318,0,13318,50.79999923706055,50.79999923706055,13318,47,6,0.0035290584171797567,1,46,5,13266,0.02127659574468085,0.8333333333333334,0.019230769230769232,0.0034427584124030776,0.003526456521633794,0.023734337490694313
2026072312,24,f12_f36,12,36,2026-07-25T00:00:00,7,3inch,3 inches,fixed,13318,0,13318,76.19999694824219,76.19999694824219,13318,13,2,0.0009761225409220603,0,13,2,13303,0.0,1.0,0.0,0.0010131185101548345,0.0009799299861742428,-0.0338682604357925
2026072312,24,f12_f36,12,36,2026-07-25T00:00:00,7,5inch,5 inches,fixed,13318,0,13318,127.0,127.0,13318,1,0,7.508634930169695e-05,0,1,0,13317,0.0,,0.0,7.995743063564485e-05,7.565985627069868e-05,-0.056801249391357
2026072312,24,f12_f36,12,36,2026-07-25T00:00:00,7,2yr24h_ari,2-year 24-hour ARI,ari,13301,17,13301,16.759721755981445,216.82583618164062,13301,14,0,0.0010525524396661906,0,14,0,13287,0.0,,0.0,0.0010665674385364331,0.0010549325701165139,-0.011029016213457421
2026072312,24,f12_f36,12,36,2026-07-25T00:00:00,7,5yr24h_ari,5-year 24-hour ARI,ari,13301,17,13301,24.2753963470459,256.41436767578125,13301,6,0,0.00045109390271408167,0,6,0,13295,0.0,,0.0,0.00045339346603486225,0.00045332820554683744,-0.00014395858723603716
2026072312,6,f36_f42,36,42,2026-07-25T06:00:00,7,0p25inch,0.25 inch,fixed,13318,0,13318,6.349999904632568,6.349999904632568,13318,235,121,0.017645292085898785,0,235,121,12962,0.0,1.0,0.0,0.01823576187574168,0.01788679110334918,-0.019509970814561628
2026072312,6,f36_f42,36,42,2026-07-25T06:00:00,7,0p5inch,0.5 inch,fixed,13318,0,13318,12.699999809265137,12.699999809265137,13318,113,24,0.008484757471091755,0,113,24,13181,0.0,1.0,0.0,0.008917353575669171,0.008606786452997043,-0.03608398144512859
2026072312,6,f36_f42,36,42,2026-07-25T06:00:00,7,1inch,1 inch,fixed,13318,0,13318,25.399999618530273,25.399999618530273,13318,43,0,0.003228713019972969,0,43,0,13275,0.0,,0.0,0.003369332467943081,0.0032477181693167626,-0.037446075147556046
2026072312,6,f36_f42,36,42,2026-07-25T06:00:00,7,2inch,2 inches,fixed,13318,0,13318,50.79999923706055,50.79999923706055,13318,5,0,0.00037543174650848477,0,5,0,13313,0.0,,0.0,0.0003954793541527218,0.00037734152133119187,-0.0480674184954335
2026072312,6,f36_f42,36,42,2026-07-25T06:00:00,7,2yr6h_ari,2-year 6-hour ARI,ari,13301,17,13301,10.230066299438477,110.2435531616211,13301,9,0,0.0006766408540711225,0,9,0,13292,0.0,,0.0,0.0006860512783089217,0.0006780967679473355,-0.011730641904790895
2026072312,6,f36_f42,36,42,2026-07-25T06:00:00,7,5yr6h_ari,5-year 6-hour ARI,ari,13301,17,13301,14.209089279174805,138.58877563476562,13301,2,0,0.00015036463423802722,0,2,0,13299,0.0,,0.0,0.00015439369656764881,0.00015091089721893113,-0.023078514626184266
2026072312,12,f30_f42,30,42,2026-07-25T06:00:00,7,0p5inch,0.5 inch,fixed,13318,0,13318,12.699999809265137,12.699999809265137,13318,313,81,0.023502027331431145,2,311,79,12926,0.006389776357827476,0.9753086419753086,0.00510204081632653,0.023219235740155636,0.023195660898334268,-0.001016347062698264
2026072312,12,f30_f42,30,42,2026-07-25T06:00:00,7,1inch,1 inch,fixed,13318,0,13318,25.399999618530273,25.399999618530273,13318,116,2,0.008710016518996846,0,116,2,13200,0.0,1.0,0.0,0.008830086497329324,0.008675004648320007,-0.01787686062385574
2026072312,12,f30_f42,30,42,2026-07-25T06:00:00,7,2inch,2 inches,fixed,13318,0,13318,50.79999923706055,50.79999923706055,13318,23,0,0.00172698603393903,0,23,0,13295,0.0,,0.0,0.0017698823765792341,0.0017311009737283531,-0.0224027387422443
2026072312,12,f30_f42,30,42,2026-07-25T06:00:00,7,3inch,3 inches,fixed,13318,0,13318,76.19999694824219,76.19999694824219,13318,4,0,0.0003003453972067878,0,4,0,13314,0.0,,0.0,0.00030539611006790085,0.00030152605741835765,-0.012834886253872302
2026072312,12,f30_f42,30,42,2026-07-25T06:00:00,7,2yr12h_ari,2-year 12-hour ARI,ari,12753,565,12753,12.478196144104004,130.89535522460938,12753,22,0,0.0017250842938916332,0,22,0,12731,0.0,,0.0,0.0017247735757119824,0.0017248713607588633,5.669121135964961e-05
2026072312,12,f30_f42,30,42,2026-07-25T06:00:00,7,5yr12h_ari,5-year 12-hour ARI,ari,12753,565,12753,17.717864990234375,165.05723571777344,12753,10,0,0.000784129224496197,0,10,0,12743,0.0,,0.0,0.0007851871075960351,0.0007845382460079056,-0.0008270617671366498
2026072312,24,f18_f42,18,42,2026-07-25T06:00:00,7,0p5inch,0.5 inch,fixed,13318,0,13318,12.699999809265137,12.699999809265137,13318,582,487,0.04370025529358763,143,439,344,12392,0.24570446735395188,0.7063655030800822,0.15442764578833693,0.03806669759077061,0.042195547331887844,0.09785036578959116
2026072312,24,f18_f42,18,42,2026-07-25T06:00:00,7,1inch,1 inch,fixed,13318,0,13318,25.399999618530273,25.399999618530273,13318,237,50,0.01779546478450218,15,222,35,13046,0.06329113924050633,0.7,0.05514705882352941,0.01674522102054266,0.017450326887135076,0.0404064560596995
2026072312,24,f18_f42,18,42,2026-07-25T06:00:00,7,2inch,2 inches,fixed,13318,0,13318,50.79999923706055,50.79999923706055,13318,44,3,0.003303799369274666,0,44,3,13271,0.0,1.0,0.0,0.0034700670487420805,0.0033204293992993585,-0.04506575248198219
2026072312,24,f18_f42,18,42,2026-07-25T06:00:00,7,3inch,3 inches,fixed,13318,0,13318,76.19999694824219,76.19999694824219,13318,10,0,0.0007508634930169695,0,10,0,13308,0.0,,0.0,0.0007759205279104515,0.0007579444575390268,-0.023716870270140022
2026072312,24,f18_f42,18,42,2026-07-25T06:00:00,7,5inch,5 inches,fixed,13318,0,13318,127.0,127.0,13318,0,0,0.0,0,0,0,13318,,,,8.195684634854883e-07,5.735069690017234e-07,-0.4290470871035319
2026072312,24,f18_f42,18,42,2026-07-25T06:00:00,7,2yr24h_ari,2-year 24-hour ARI,ari,13301,17,13301,16.759721755981445,216.82583618164062,13301,16,0,0.0012029170739042178,0,16,0,13285,0.0,,0.0,0.0012051548467685313,0.0012038632092251646,-0.0010729105545121964
2026072312,24,f18_f42,18,42,2026-07-25T06:00:00,7,5yr24h_ari,5-year 24-hour ARI,ari,13301,17,13301,24.2753963470459,256.41436767578125,13301,5,0,0.00037591158559506803,0,5,0,13296,0.0,,0.0,0.00037691539566030814,0.0003781458884278239,0.00325401599004993
2026072312,6,f42_f48,42,48,2026-07-25T12:00:00,7,0p25inch,0.25 inch,fixed,13318,0,13318,6.349999904632568,6.349999904632568,13318,179,239,0.013440456525003754,18,161,221,12918,0.1005586592178771,0.9246861924686193,0.045,0.015230163167899506,0.013495819156062915,-0.1285097252549836
2026072312,6,f42_f48,42,48,2026-07-25T12:00:00,7,0p5inch,0.5 inch,fixed,13318,0,13318,12.699999809265137,12.699999809265137,13318,70,32,0.005256044451118787,0,70,32,13216,0.0,1.0,0.0,0.006336978561997169,0.005353287649859565,-0.183754540476339
2026072312,6,f42_f48,42,48,2026-07-25T12:00:00,7,1inch,1 inch,fixed,13318,0,13318,25.399999618530273,25.399999618530273,13318,12,0,0.0009010361916203634,0,12,0,13306,0.0,,0.0,0.0011590252487984223,0.0009246583014744331,-0.25346330309290965
2026072312,6,f42_f48,42,48,2026-07-25T12:00:00,7,2inch,2 inches,fixed,13318,0,13318,50.79999923706055,50.79999923706055,13318,1,0,7.508634930169695e-05,0,1,0,13317,0.0,,0.0,9.980522258749447e-05,7.675312622213321e-05,-0.30034081346270614
2026072312,6,f42_f48,42,48,2026-07-25T12:00:00,7,2yr6h_ari,2-year 6-hour ARI,ari,13301,17,13301,10.230066299438477,110.2435531616211,13301,1,0,7.518231711901361e-05,0,1,0,13300,0.0,,0.0,8.738146585557629e-05,7.663823099522662e-05,-0.14018114354725664
2026072312,6,f42_f48,42,48,2026-07-25T12:00:00,7,5yr6h_ari,5-year 6-hour ARI,ari,13301,17,13301,14.209089279174805,138.58877563476562,13301,0,0,0.0,0,0,0,13301,,,,3.7848490146614924e-06,5.462629809039255e-07,-5.928620732085003
2026072312,12,f36_f48,36,48,2026-07-25T12:00:00,7,0p5inch,0.5 inch,fixed,13318,0,13318,12.699999809265137,12.699999809265137,13318,206,130,0.015467787956149571,4,202,126,12986,0.019417475728155338,0.9692307692307692,0.012048192771084338,0.017600380697223604,0.01574562994235778,-0.11779463645822807
2026072312,12,f36_f48,36,48,2026-07-25T12:00:00,7,1inch,1 inch,fixed,13318,0,13318,25.399999618530273,25.399999618530273,13318,65,29,0.004880612704610302,0,65,29,13224,0.0,1.0,0.0,0.00576847235328551,0.0049742040110799845,-0.1596774761220694
2026072312,12,f36_f48,36,48,2026-07-25T12:00:00,7,2inch,2 inches,fixed,13318,0,13318,50.79999923706055,50.79999923706055,13318,7,0,0.0005256044451118786,0,7,0,13311,0.0,,0.0,0.0007025821752412297,0.00053358561969658,-0.31671872199394824
2026072312,12,f36_f48,36,48,2026-07-25T12:00:00,7,3inch,3 inches,fixed,13318,0,13318,76.19999694824219,76.19999694824219,13318,0,0,0.0,0,0,0,13318,,,,4.454042945063096e-05,1.1806602115697425e-06,-36.72501945450706
2026072312,12,f36_f48,36,48,2026-07-25T12:00:00,7,2yr12h_ari,2-year 12-hour ARI,ari,12753,565,12753,12.478196144104004,130.89535522460938,12753,5,0,0.0003920646122480985,0,5,0,12748,0.0,,0.0,0.0004408607568879241,0.0003954641986501122,-0.11479309225151013
2026072312,12,f36_f48,36,48,2026-07-25T12:00:00,7,5yr12h_ari,5-year 12-hour ARI,ari,12753,565,12753,17.717864990234375,165.05723571777344,12753,0,0,0.0,0,0,0,12753,,,,2.1224575378552216e-05,1.046524959023364e-06,-19.281002565251164
2026072312,24,f24_f48,24,48,2026-07-25T12:00:00,7,0p5inch,0.5 inch,fixed,13318,0,13318,12.699999809265137,12.699999809265137,13318,537,441,0.040321369575011264,94,443,347,12434,0.1750465549348231,0.7868480725623582,0.10633484162895927,0.03892127887083529,0.039402212387815126,0.012205749064196247
2026072312,24,f24_f48,24,48,2026-07-25T12:00:00,7,1inch,1 inch,fixed,13318,0,13318,25.399999618530273,25.399999618530273,13318,185,60,0.013890974620813935,4,181,56,13077,0.021621621621621623,0.9333333333333333,0.016597510373443983,0.015112972803374562,0.014029499203402952,-0.0772282448762538
2026072312,24,f24_f48,24,48,2026-07-25T12:00:00,7,2inch,2 inches,fixed,13318,0,13318,50.79999923706055,50.79999923706055,13318,32,10,0.0024027631776543023,0,32,10,13276,0.0,1.0,0.0,0.0028161025863169377,0.0024396481087207824,-0.1543068757541215
2026072312,24,f24_f48,24,48,2026-07-25T12:00:00,7,3inch,3 inches,fixed,13318,0,13318,76.19999694824219,76.19999694824219,13318,5,0,0.00037543174650848477,0,5,0,13313,0.0,,0.0,0.00046630647628095564,0.00038292190093927635,-0.21775869997809916
2026072312,24,f24_f48,24,48,2026-07-25T12:00:00,7,5inch,5 inches,fixed,13318,0,13318,127.0,127.0,13318,0,0,0.0,0,0,0,13318,,,,5.598201828669048e-06,5.735069690017234e-07,-8.761349262091052
2026072312,24,f24_f48,24,48,2026-07-25T12:00:00,7,2yr24h_ari,2-year 24-hour ARI,ari,13301,17,13301,16.759721755981445,216.82583618164062,13301,15,0,0.0011277347567852042,0,15,0,13286,0.0,,0.0,0.0011581418689989005,0.0011278614663179363,-0.02684762587006273
2026072312,24,f24_f48,24,48,2026-07-25T12:00:00,7,5yr24h_ari,5-year 24-hour ARI,ari,13301,17,13301,24.2753963470459,256.41436767578125,13301,5,0,0.00037591158559506803,0,5,0,13296,0.0,,0.0,0.00038750203175264995,0.0003781458884278239,-0.024742152727681432
