record_id,duration_hours,init_utc,valid_start_utc,valid_end_utc,n_locations,model,threshold_mm,threshold_in,crps_mm,brier_score,raw_crps_mm,raw_brier_score
march_04_2026_2026030312_6h_f12_f18,6,2026-03-03T12:00:00Z,2026-03-04T00:00:00Z,2026-03-04T06:00:00Z,525,ann_operational,6.35,0.25,0.0013325057399679893,3.257897906005961e-07,0.0065333332795472375,0.0
march_04_2026_2026030312_6h_f12_f18,6,2026-03-03T12:00:00Z,2026-03-04T00:00:00Z,2026-03-04T06:00:00Z,525,gnn_csgd,6.35,0.25,0.00041713796344562,7.800831005806746e-08,0.0065333332795472375,0.0
march_04_2026_2026030312_6h_f12_f18,6,2026-03-03T12:00:00Z,2026-03-04T00:00:00Z,2026-03-04T06:00:00Z,525,ann_operational,12.7,0.5,0.0013325057399679893,4.027092654444386e-09,0.0065333332795472375,0.0
march_04_2026_2026030312_6h_f12_f18,6,2026-03-03T12:00:00Z,2026-03-04T00:00:00Z,2026-03-04T06:00:00Z,525,gnn_csgd,12.7,0.5,0.00041713796344562,5.73260312017755e-10,0.0065333332795472375,0.0
march_04_2026_2026030312_6h_f12_f18,6,2026-03-03T12:00:00Z,2026-03-04T00:00:00Z,2026-03-04T06:00:00Z,525,ann_operational,25.4,1.0,0.0013325057399679893,2.2925850071958396e-12,0.0065333332795472375,0.0
march_04_2026_2026030312_6h_f12_f18,6,2026-03-03T12:00:00Z,2026-03-04T00:00:00Z,2026-03-04T06:00:00Z,525,gnn_csgd,25.4,1.0,0.00041713796344562,1.2187755167456175e-13,0.0065333332795472375,0.0
march_04_2026_2026030312_6h_f12_f18,6,2026-03-03T12:00:00Z,2026-03-04T00:00:00Z,2026-03-04T06:00:00Z,525,ann_operational,50.8,2.0,0.0013325057399679893,3.2394343312228087e-18,0.0065333332795472375,0.0
march_04_2026_2026030312_6h_f12_f18,6,2026-03-03T12:00:00Z,2026-03-04T00:00:00Z,2026-03-04T06:00:00Z,525,gnn_csgd,50.8,2.0,0.00041713796344562,2.4037238194274292e-20,0.0065333332795472375,0.0
march_04_2026_2026030312_6h_f18_f24,6,2026-03-03T12:00:00Z,2026-03-04T06:00:00Z,2026-03-04T12:00:00Z,525,ann_operational,6.35,0.25,0.0070709434881534115,1.887295617412082e-05,0.05460952432382674,0.0
march_04_2026_2026030312_6h_f18_f24,6,2026-03-03T12:00:00Z,2026-03-04T06:00:00Z,2026-03-04T12:00:00Z,525,gnn_csgd,6.35,0.25,0.007474737876396064,4.887053559760553e-05,0.05460952432382674,0.0
march_04_2026_2026030312_6h_f18_f24,6,2026-03-03T12:00:00Z,2026-03-04T06:00:00Z,2026-03-04T12:00:00Z,525,ann_operational,12.7,0.5,0.0070709434881534115,8.35905742880439e-07,0.05460952432382674,0.0
march_04_2026_2026030312_6h_f18_f24,6,2026-03-03T12:00:00Z,2026-03-04T06:00:00Z,2026-03-04T12:00:00Z,525,gnn_csgd,12.7,0.5,0.007474737876396064,4.525333261608836e-06,0.05460952432382674,0.0
march_04_2026_2026030312_6h_f18_f24,6,2026-03-03T12:00:00Z,2026-03-04T06:00:00Z,2026-03-04T12:00:00Z,525,ann_operational,25.4,1.0,0.0070709434881534115,4.673909865648169e-09,0.05460952432382674,0.0
march_04_2026_2026030312_6h_f18_f24,6,2026-03-03T12:00:00Z,2026-03-04T06:00:00Z,2026-03-04T12:00:00Z,525,gnn_csgd,25.4,1.0,0.007474737876396064,1.0628143848605339e-07,0.05460952432382674,0.0
march_04_2026_2026030312_6h_f18_f24,6,2026-03-03T12:00:00Z,2026-03-04T06:00:00Z,2026-03-04T12:00:00Z,525,ann_operational,50.8,2.0,0.0070709434881534115,4.890311365952197e-13,0.05460952432382674,0.0
march_04_2026_2026030312_6h_f18_f24,6,2026-03-03T12:00:00Z,2026-03-04T06:00:00Z,2026-03-04T12:00:00Z,525,gnn_csgd,50.8,2.0,0.007474737876396064,2.0682491210501576e-10,0.05460952432382674,0.0
march_04_2026_2026030312_6h_f24_f30,6,2026-03-03T12:00:00Z,2026-03-04T12:00:00Z,2026-03-04T18:00:00Z,525,ann_operational,6.35,0.25,0.0690217706910455,0.0018856628832602494,0.22984762045244375,0.0019047619047619048
march_04_2026_2026030312_6h_f24_f30,6,2026-03-03T12:00:00Z,2026-03-04T12:00:00Z,2026-03-04T18:00:00Z,525,gnn_csgd,6.35,0.25,0.06357241594007716,0.0018032961254225884,0.22984762045244375,0.0019047619047619048
march_04_2026_2026030312_6h_f24_f30,6,2026-03-03T12:00:00Z,2026-03-04T12:00:00Z,2026-03-04T18:00:00Z,525,ann_operational,12.7,0.5,0.0690217706910455,1.4172558093474318e-05,0.22984762045244375,0.0
march_04_2026_2026030312_6h_f24_f30,6,2026-03-03T12:00:00Z,2026-03-04T12:00:00Z,2026-03-04T18:00:00Z,525,gnn_csgd,12.7,0.5,0.06357241594007716,1.7896096012034673e-05,0.22984762045244375,0.0
march_04_2026_2026030312_6h_f24_f30,6,2026-03-03T12:00:00Z,2026-03-04T12:00:00Z,2026-03-04T18:00:00Z,525,ann_operational,25.4,1.0,0.0690217706910455,1.737863255961648e-07,0.22984762045244375,0.0
march_04_2026_2026030312_6h_f24_f30,6,2026-03-03T12:00:00Z,2026-03-04T12:00:00Z,2026-03-04T18:00:00Z,525,gnn_csgd,25.4,1.0,0.06357241594007716,3.4005395356187377e-07,0.22984762045244375,0.0
march_04_2026_2026030312_6h_f24_f30,6,2026-03-03T12:00:00Z,2026-03-04T12:00:00Z,2026-03-04T18:00:00Z,525,ann_operational,50.8,2.0,0.0690217706910455,1.0695887628849278e-10,0.22984762045244375,0.0
march_04_2026_2026030312_6h_f24_f30,6,2026-03-03T12:00:00Z,2026-03-04T12:00:00Z,2026-03-04T18:00:00Z,525,gnn_csgd,50.8,2.0,0.06357241594007716,6.795491964406622e-10,0.22984762045244375,0.0
march_04_2026_2026030312_6h_f30_f36,6,2026-03-03T12:00:00Z,2026-03-04T18:00:00Z,2026-03-05T00:00:00Z,525,ann_operational,6.35,0.25,0.42205820237360187,0.019433694901367756,0.8399809577812751,0.0380952380952381
march_04_2026_2026030312_6h_f30_f36,6,2026-03-03T12:00:00Z,2026-03-04T18:00:00Z,2026-03-05T00:00:00Z,525,gnn_csgd,6.35,0.25,0.42693764663843575,0.01952805454847451,0.8399809577812751,0.0380952380952381
march_04_2026_2026030312_6h_f30_f36,6,2026-03-03T12:00:00Z,2026-03-04T18:00:00Z,2026-03-05T00:00:00Z,525,ann_operational,12.7,0.5,0.42205820237360187,0.009921844930179976,0.8399809577812751,0.015238095238095238
march_04_2026_2026030312_6h_f30_f36,6,2026-03-03T12:00:00Z,2026-03-04T18:00:00Z,2026-03-05T00:00:00Z,525,gnn_csgd,12.7,0.5,0.42693764663843575,0.009709697582175011,0.8399809577812751,0.015238095238095238
march_04_2026_2026030312_6h_f30_f36,6,2026-03-03T12:00:00Z,2026-03-04T18:00:00Z,2026-03-05T00:00:00Z,525,ann_operational,25.4,1.0,0.42205820237360187,7.279313052433107e-05,0.8399809577812751,0.0
march_04_2026_2026030312_6h_f30_f36,6,2026-03-03T12:00:00Z,2026-03-04T18:00:00Z,2026-03-05T00:00:00Z,525,gnn_csgd,25.4,1.0,0.42693764663843575,6.523267088168192e-05,0.8399809577812751,0.0
march_04_2026_2026030312_6h_f30_f36,6,2026-03-03T12:00:00Z,2026-03-04T18:00:00Z,2026-03-05T00:00:00Z,525,ann_operational,50.8,2.0,0.42205820237360187,2.3868735276379625e-06,0.8399809577812751,0.0
march_04_2026_2026030312_6h_f30_f36,6,2026-03-03T12:00:00Z,2026-03-04T18:00:00Z,2026-03-05T00:00:00Z,525,gnn_csgd,50.8,2.0,0.42693764663843575,1.7276328153200253e-06,0.8399809577812751,0.0
march_04_2026_2026030312_6h_f36_f42,6,2026-03-03T12:00:00Z,2026-03-05T00:00:00Z,2026-03-05T06:00:00Z,525,ann_operational,6.35,0.25,2.6009944469535746,0.10250714060954072,3.473028573117086,0.15428571428571428
march_04_2026_2026030312_6h_f36_f42,6,2026-03-03T12:00:00Z,2026-03-05T00:00:00Z,2026-03-05T06:00:00Z,525,gnn_csgd,6.35,0.25,2.630731667320207,0.10377435625132125,3.473028573117086,0.15428571428571428
march_04_2026_2026030312_6h_f36_f42,6,2026-03-03T12:00:00Z,2026-03-05T00:00:00Z,2026-03-05T06:00:00Z,525,ann_operational,12.7,0.5,2.6009944469535746,0.06849988283972436,3.473028573117086,0.09714285714285714
march_04_2026_2026030312_6h_f36_f42,6,2026-03-03T12:00:00Z,2026-03-05T00:00:00Z,2026-03-05T06:00:00Z,525,gnn_csgd,12.7,0.5,2.630731667320207,0.0694214971289043,3.473028573117086,0.09714285714285714
march_04_2026_2026030312_6h_f36_f42,6,2026-03-03T12:00:00Z,2026-03-05T00:00:00Z,2026-03-05T06:00:00Z,525,ann_operational,25.4,1.0,2.6009944469535746,0.022515890277215282,3.473028573117086,0.02857142857142857
march_04_2026_2026030312_6h_f36_f42,6,2026-03-03T12:00:00Z,2026-03-05T00:00:00Z,2026-03-05T06:00:00Z,525,gnn_csgd,25.4,1.0,2.630731667320207,0.02309205097457237,3.473028573117086,0.02857142857142857
march_04_2026_2026030312_6h_f36_f42,6,2026-03-03T12:00:00Z,2026-03-05T00:00:00Z,2026-03-05T06:00:00Z,525,ann_operational,50.8,2.0,2.6009944469535746,0.00743304203866677,3.473028573117086,0.007619047619047619
march_04_2026_2026030312_6h_f36_f42,6,2026-03-03T12:00:00Z,2026-03-05T00:00:00Z,2026-03-05T06:00:00Z,525,gnn_csgd,50.8,2.0,2.630731667320207,0.007471508786229441,3.473028573117086,0.007619047619047619
march_04_2026_2026030312_12h_f06_f18,12,2026-03-03T12:00:00Z,2026-03-03T18:00:00Z,2026-03-04T06:00:00Z,525,ann_operational,12.7,0.5,0.005642781338822325,2.1808352039773884e-07,0.01359999996565637,0.0
march_04_2026_2026030312_12h_f06_f18,12,2026-03-03T12:00:00Z,2026-03-03T18:00:00Z,2026-03-04T06:00:00Z,525,gnn_csgd,12.7,0.5,0.004257576917918475,8.686624485870745e-08,0.01359999996565637,0.0
march_04_2026_2026030312_12h_f06_f18,12,2026-03-03T12:00:00Z,2026-03-03T18:00:00Z,2026-03-04T06:00:00Z,525,ann_operational,25.4,1.0,0.005642781338822325,1.0375867887022023e-09,0.01359999996565637,0.0
march_04_2026_2026030312_12h_f06_f18,12,2026-03-03T12:00:00Z,2026-03-03T18:00:00Z,2026-03-04T06:00:00Z,525,gnn_csgd,25.4,1.0,0.004257576917918475,2.9336387108909286e-10,0.01359999996565637,0.0
march_04_2026_2026030312_12h_f06_f18,12,2026-03-03T12:00:00Z,2026-03-03T18:00:00Z,2026-03-04T06:00:00Z,525,ann_operational,50.8,2.0,0.005642781338822325,1.0168260394853966e-13,0.01359999996565637,0.0
march_04_2026_2026030312_12h_f06_f18,12,2026-03-03T12:00:00Z,2026-03-03T18:00:00Z,2026-03-04T06:00:00Z,525,gnn_csgd,50.8,2.0,0.004257576917918475,1.5006390076865537e-14,0.01359999996565637,0.0
march_04_2026_2026030312_12h_f06_f18,12,2026-03-03T12:00:00Z,2026-03-03T18:00:00Z,2026-03-04T06:00:00Z,525,ann_operational,76.2,3.0000000000000004,0.005642781338822325,1.9099395897167116e-17,0.01359999996565637,0.0
march_04_2026_2026030312_12h_f06_f18,12,2026-03-03T12:00:00Z,2026-03-03T18:00:00Z,2026-03-04T06:00:00Z,525,gnn_csgd,76.2,3.0000000000000004,0.004257576917918475,1.5613630562046581e-18,0.01359999996565637,0.0
march_04_2026_2026030312_12h_f12_f24,12,2026-03-03T12:00:00Z,2026-03-04T00:00:00Z,2026-03-04T12:00:00Z,525,ann_operational,12.7,0.5,0.01341192150178785,3.4756342028588393e-06,0.061142857670784,0.0
march_04_2026_2026030312_12h_f12_f24,12,2026-03-03T12:00:00Z,2026-03-04T00:00:00Z,2026-03-04T12:00:00Z,525,gnn_csgd,12.7,0.5,0.015608602386474485,1.6365539034275823e-05,0.061142857670784,0.0
march_04_2026_2026030312_12h_f12_f24,12,2026-03-03T12:00:00Z,2026-03-04T00:00:00Z,2026-03-04T12:00:00Z,525,ann_operational,25.4,1.0,0.01341192150178785,2.9298269093245515e-08,0.061142857670784,0.0
march_04_2026_2026030312_12h_f12_f24,12,2026-03-03T12:00:00Z,2026-03-04T00:00:00Z,2026-03-04T12:00:00Z,525,gnn_csgd,25.4,1.0,0.015608602386474485,6.164054591591972e-07,0.061142857670784,0.0
march_04_2026_2026030312_12h_f12_f24,12,2026-03-03T12:00:00Z,2026-03-04T00:00:00Z,2026-03-04T12:00:00Z,525,ann_operational,50.8,2.0,0.01341192150178785,7.649884490432582e-12,0.061142857670784,0.0
march_04_2026_2026030312_12h_f12_f24,12,2026-03-03T12:00:00Z,2026-03-04T00:00:00Z,2026-03-04T12:00:00Z,525,gnn_csgd,50.8,2.0,0.015608602386474485,3.1877737876855166e-09,0.061142857670784,0.0
march_04_2026_2026030312_12h_f12_f24,12,2026-03-03T12:00:00Z,2026-03-04T00:00:00Z,2026-03-04T12:00:00Z,525,ann_operational,76.2,3.0000000000000004,0.01341192150178785,3.526349403830785e-15,0.061142857670784,0.0
march_04_2026_2026030312_12h_f12_f24,12,2026-03-03T12:00:00Z,2026-03-04T00:00:00Z,2026-03-04T12:00:00Z,525,gnn_csgd,76.2,3.0000000000000004,0.015608602386474485,2.8775011312917468e-11,0.061142857670784,0.0
march_04_2026_2026030312_12h_f18_f30,12,2026-03-03T12:00:00Z,2026-03-04T06:00:00Z,2026-03-04T18:00:00Z,525,ann_operational,12.7,0.5,0.0865997377718644,3.599406276100989e-05,0.28240000129100823,0.0
march_04_2026_2026030312_12h_f18_f30,12,2026-03-03T12:00:00Z,2026-03-04T06:00:00Z,2026-03-04T18:00:00Z,525,gnn_csgd,12.7,0.5,0.08162129197282866,6.276084959384738e-05,0.28240000129100823,0.0
march_04_2026_2026030312_12h_f18_f30,12,2026-03-03T12:00:00Z,2026-03-04T06:00:00Z,2026-03-04T18:00:00Z,525,ann_operational,25.4,1.0,0.0865997377718644,4.803248523220251e-07,0.28240000129100823,0.0
march_04_2026_2026030312_12h_f18_f30,12,2026-03-03T12:00:00Z,2026-03-04T06:00:00Z,2026-03-04T18:00:00Z,525,gnn_csgd,25.4,1.0,0.08162129197282866,2.407020093559526e-06,0.28240000129100823,0.0
march_04_2026_2026030312_12h_f18_f30,12,2026-03-03T12:00:00Z,2026-03-04T06:00:00Z,2026-03-04T18:00:00Z,525,ann_operational,50.8,2.0,0.0865997377718644,3.1600954721103456e-10,0.28240000129100823,0.0
march_04_2026_2026030312_12h_f18_f30,12,2026-03-03T12:00:00Z,2026-03-04T06:00:00Z,2026-03-04T18:00:00Z,525,gnn_csgd,50.8,2.0,0.08162129197282866,1.5350999220350234e-08,0.28240000129100823,0.0
march_04_2026_2026030312_12h_f18_f30,12,2026-03-03T12:00:00Z,2026-03-04T06:00:00Z,2026-03-04T18:00:00Z,525,ann_operational,76.2,3.0000000000000004,0.0865997377718644,4.307796447454674e-13,0.28240000129100823,0.0
march_04_2026_2026030312_12h_f18_f30,12,2026-03-03T12:00:00Z,2026-03-04T06:00:00Z,2026-03-04T18:00:00Z,525,gnn_csgd,76.2,3.0000000000000004,0.08162129197282866,1.9151760854615545e-10,0.28240000129100823,0.0
march_04_2026_2026030312_12h_f24_f36,12,2026-03-03T12:00:00Z,2026-03-04T12:00:00Z,2026-03-05T00:00:00Z,525,ann_operational,12.7,0.5,0.4838869083687945,0.010402312755688441,1.0031619083668504,0.017142857142857144
march_04_2026_2026030312_12h_f24_f36,12,2026-03-03T12:00:00Z,2026-03-04T12:00:00Z,2026-03-05T00:00:00Z,525,gnn_csgd,12.7,0.5,0.4836142501797327,0.010117410647751079,1.0031619083668504,0.017142857142857144
march_04_2026_2026030312_12h_f24_f36,12,2026-03-03T12:00:00Z,2026-03-04T12:00:00Z,2026-03-05T00:00:00Z,525,ann_operational,25.4,1.0,0.4838869083687945,0.00014007477503965988,1.0031619083668504,0.0019047619047619048
march_04_2026_2026030312_12h_f24_f36,12,2026-03-03T12:00:00Z,2026-03-04T12:00:00Z,2026-03-05T00:00:00Z,525,gnn_csgd,25.4,1.0,0.4836142501797327,0.00011225218813990888,1.0031619083668504,0.0019047619047619048
march_04_2026_2026030312_12h_f24_f36,12,2026-03-03T12:00:00Z,2026-03-04T12:00:00Z,2026-03-05T00:00:00Z,525,ann_operational,50.8,2.0,0.4838869083687945,4.396137376711271e-06,1.0031619083668504,0.0
march_04_2026_2026030312_12h_f24_f36,12,2026-03-03T12:00:00Z,2026-03-04T12:00:00Z,2026-03-05T00:00:00Z,525,gnn_csgd,50.8,2.0,0.4836142501797327,2.5399151706601023e-06,1.0031619083668504,0.0
march_04_2026_2026030312_12h_f24_f36,12,2026-03-03T12:00:00Z,2026-03-04T12:00:00Z,2026-03-05T00:00:00Z,525,ann_operational,76.2,3.0000000000000004,0.4838869083687945,2.0518709549685933e-07,1.0031619083668504,0.0
march_04_2026_2026030312_12h_f24_f36,12,2026-03-03T12:00:00Z,2026-03-04T12:00:00Z,2026-03-05T00:00:00Z,525,gnn_csgd,76.2,3.0000000000000004,0.4836142501797327,8.941922296317105e-08,1.0031619083668504,0.0
march_04_2026_2026030312_12h_f30_f42,12,2026-03-03T12:00:00Z,2026-03-04T18:00:00Z,2026-03-05T06:00:00Z,525,ann_operational,12.7,0.5,2.814870916227325,0.0725392147736681,3.8909142682772306,0.10666666666666667
march_04_2026_2026030312_12h_f30_f42,12,2026-03-03T12:00:00Z,2026-03-04T18:00:00Z,2026-03-05T06:00:00Z,525,gnn_csgd,12.7,0.5,2.7750508872334327,0.07198173469743364,3.8909142682772306,0.10666666666666667
march_04_2026_2026030312_12h_f30_f42,12,2026-03-03T12:00:00Z,2026-03-04T18:00:00Z,2026-03-05T06:00:00Z,525,ann_operational,25.4,1.0,2.814870916227325,0.027661033899001965,3.8909142682772306,0.03619047619047619
march_04_2026_2026030312_12h_f30_f42,12,2026-03-03T12:00:00Z,2026-03-04T18:00:00Z,2026-03-05T06:00:00Z,525,gnn_csgd,25.4,1.0,2.7750508872334327,0.027991347063746234,3.8909142682772306,0.03619047619047619
march_04_2026_2026030312_12h_f30_f42,12,2026-03-03T12:00:00Z,2026-03-04T18:00:00Z,2026-03-05T06:00:00Z,525,ann_operational,50.8,2.0,2.814870916227325,0.009186647192434744,3.8909142682772306,0.009523809523809525
march_04_2026_2026030312_12h_f30_f42,12,2026-03-03T12:00:00Z,2026-03-04T18:00:00Z,2026-03-05T06:00:00Z,525,gnn_csgd,50.8,2.0,2.7750508872334327,0.009274914819793896,3.8909142682772306,0.009523809523809525
march_04_2026_2026030312_12h_f30_f42,12,2026-03-03T12:00:00Z,2026-03-04T18:00:00Z,2026-03-05T06:00:00Z,525,ann_operational,76.2,3.0000000000000004,2.814870916227325,0.0037637817864656,3.8909142682772306,0.0038095238095238095
march_04_2026_2026030312_12h_f30_f42,12,2026-03-03T12:00:00Z,2026-03-04T18:00:00Z,2026-03-05T06:00:00Z,525,gnn_csgd,76.2,3.0000000000000004,2.7750508872334327,0.0037771283697161906,3.8909142682772306,0.0038095238095238095
march_04_2026_2026030312_24h_f00_f24,24,2026-03-03T12:00:00Z,2026-03-03T12:00:00Z,2026-03-04T12:00:00Z,525,ann_operational,12.7,0.5,0.020950606594126932,3.342834786830722e-06,0.0897904765251137,0.0
march_04_2026_2026030312_24h_f00_f24,24,2026-03-03T12:00:00Z,2026-03-03T12:00:00Z,2026-03-04T12:00:00Z,525,gnn_csgd,12.7,0.5,0.019400205645731184,1.665727962493787e-05,0.0897904765251137,0.0
march_04_2026_2026030312_24h_f00_f24,24,2026-03-03T12:00:00Z,2026-03-03T12:00:00Z,2026-03-04T12:00:00Z,525,ann_operational,25.4,1.0,0.020950606594126932,1.7704718934743548e-08,0.0897904765251137,0.0
march_04_2026_2026030312_24h_f00_f24,24,2026-03-03T12:00:00Z,2026-03-03T12:00:00Z,2026-03-04T12:00:00Z,525,gnn_csgd,25.4,1.0,0.019400205645731184,6.182980400934275e-07,0.0897904765251137,0.0
march_04_2026_2026030312_24h_f00_f24,24,2026-03-03T12:00:00Z,2026-03-03T12:00:00Z,2026-03-04T12:00:00Z,525,ann_operational,50.8,2.0,0.020950606594126932,1.967625156994722e-12,0.0897904765251137,0.0
march_04_2026_2026030312_24h_f00_f24,24,2026-03-03T12:00:00Z,2026-03-03T12:00:00Z,2026-03-04T12:00:00Z,525,gnn_csgd,50.8,2.0,0.019400205645731184,3.4493908094804213e-09,0.0897904765251137,0.0
march_04_2026_2026030312_24h_f00_f24,24,2026-03-03T12:00:00Z,2026-03-03T12:00:00Z,2026-03-04T12:00:00Z,525,ann_operational,76.2,3.0000000000000004,0.020950606594126932,4.118321836751632e-16,0.0897904765251137,0.0
march_04_2026_2026030312_24h_f00_f24,24,2026-03-03T12:00:00Z,2026-03-03T12:00:00Z,2026-03-04T12:00:00Z,525,gnn_csgd,76.2,3.0000000000000004,0.019400205645731184,3.3651272888449925e-11,0.0897904765251137,0.0
march_04_2026_2026030312_24h_f00_f24,24,2026-03-03T12:00:00Z,2026-03-03T12:00:00Z,2026-03-04T12:00:00Z,525,ann_operational,127.0,5.0,0.020950606594126932,3.2195764653393835e-23,0.0897904765251137,0.0
march_04_2026_2026030312_24h_f00_f24,24,2026-03-03T12:00:00Z,2026-03-03T12:00:00Z,2026-03-04T12:00:00Z,525,gnn_csgd,127.0,5.0,0.019400205645731184,5.826981393601791e-15,0.0897904765251137,0.0
march_04_2026_2026030312_24h_f06_f30,24,2026-03-03T12:00:00Z,2026-03-03T18:00:00Z,2026-03-04T18:00:00Z,525,ann_operational,12.7,0.5,0.09466792546500107,2.60045863658267e-05,0.29276190616190434,0.0
march_04_2026_2026030312_24h_f06_f30,24,2026-03-03T12:00:00Z,2026-03-03T18:00:00Z,2026-03-04T18:00:00Z,525,gnn_csgd,12.7,0.5,0.08855778587316333,3.2660344904286815e-05,0.29276190616190434,0.0
march_04_2026_2026030312_24h_f06_f30,24,2026-03-03T12:00:00Z,2026-03-03T18:00:00Z,2026-03-04T18:00:00Z,525,ann_operational,25.4,1.0,0.09466792546500107,2.1490888651132546e-07,0.29276190616190434,0.0
march_04_2026_2026030312_24h_f06_f30,24,2026-03-03T12:00:00Z,2026-03-03T18:00:00Z,2026-03-04T18:00:00Z,525,gnn_csgd,25.4,1.0,0.08855778587316333,7.700609815934076e-07,0.29276190616190434,0.0
march_04_2026_2026030312_24h_f06_f30,24,2026-03-03T12:00:00Z,2026-03-03T18:00:00Z,2026-03-04T18:00:00Z,525,ann_operational,50.8,2.0,0.09466792546500107,5.926931415890324e-11,0.29276190616190434,0.0
march_04_2026_2026030312_24h_f06_f30,24,2026-03-03T12:00:00Z,2026-03-03T18:00:00Z,2026-03-04T18:00:00Z,525,gnn_csgd,50.8,2.0,0.08855778587316333,2.5543289021096843e-09,0.29276190616190434,0.0
march_04_2026_2026030312_24h_f06_f30,24,2026-03-03T12:00:00Z,2026-03-03T18:00:00Z,2026-03-04T18:00:00Z,525,ann_operational,76.2,3.0000000000000004,0.09466792546500107,3.204123483375128e-14,0.29276190616190434,0.0
march_04_2026_2026030312_24h_f06_f30,24,2026-03-03T12:00:00Z,2026-03-03T18:00:00Z,2026-03-04T18:00:00Z,525,gnn_csgd,76.2,3.0000000000000004,0.08855778587316333,1.6092798621516676e-11,0.29276190616190434,0.0
march_04_2026_2026030312_24h_f06_f30,24,2026-03-03T12:00:00Z,2026-03-03T18:00:00Z,2026-03-04T18:00:00Z,525,ann_operational,127.0,5.0,0.09466792546500107,2.0719977052217882e-20,0.29276190616190434,0.0
march_04_2026_2026030312_24h_f06_f30,24,2026-03-03T12:00:00Z,2026-03-03T18:00:00Z,2026-03-04T18:00:00Z,525,gnn_csgd,127.0,5.0,0.08855778587316333,1.1623778975608945e-15,0.29276190616190434,0.0
march_04_2026_2026030312_24h_f12_f36,24,2026-03-03T12:00:00Z,2026-03-04T00:00:00Z,2026-03-05T00:00:00Z,525,ann_operational,12.7,0.5,0.5072471586704634,0.010578351588595328,1.0579047679014149,0.017142857142857144
march_04_2026_2026030312_24h_f12_f36,24,2026-03-03T12:00:00Z,2026-03-04T00:00:00Z,2026-03-05T00:00:00Z,525,gnn_csgd,12.7,0.5,0.5041046772340063,0.01008150636479231,1.0579047679014149,0.017142857142857144
march_04_2026_2026030312_24h_f12_f36,24,2026-03-03T12:00:00Z,2026-03-04T00:00:00Z,2026-03-05T00:00:00Z,525,ann_operational,25.4,1.0,0.5072471586704634,0.0001423318940384136,1.0579047679014149,0.0019047619047619048
march_04_2026_2026030312_24h_f12_f36,24,2026-03-03T12:00:00Z,2026-03-04T00:00:00Z,2026-03-05T00:00:00Z,525,gnn_csgd,25.4,1.0,0.5041046772340063,8.775598161525824e-05,1.0579047679014149,0.0019047619047619048
march_04_2026_2026030312_24h_f12_f36,24,2026-03-03T12:00:00Z,2026-03-04T00:00:00Z,2026-03-05T00:00:00Z,525,ann_operational,50.8,2.0,0.5072471586704634,3.164134311867973e-06,1.0579047679014149,0.0
march_04_2026_2026030312_24h_f12_f36,24,2026-03-03T12:00:00Z,2026-03-04T00:00:00Z,2026-03-05T00:00:00Z,525,gnn_csgd,50.8,2.0,0.5041046772340063,1.4252292697259518e-06,1.0579047679014149,0.0
march_04_2026_2026030312_24h_f12_f36,24,2026-03-03T12:00:00Z,2026-03-04T00:00:00Z,2026-03-05T00:00:00Z,525,ann_operational,76.2,3.0000000000000004,0.5072471586704634,1.0527550741390714e-07,1.0579047679014149,0.0
march_04_2026_2026030312_24h_f12_f36,24,2026-03-03T12:00:00Z,2026-03-04T00:00:00Z,2026-03-05T00:00:00Z,525,gnn_csgd,76.2,3.0000000000000004,0.5041046772340063,3.6038360462301626e-08,1.0579047679014149,0.0
march_04_2026_2026030312_24h_f12_f36,24,2026-03-03T12:00:00Z,2026-03-04T00:00:00Z,2026-03-05T00:00:00Z,525,ann_operational,127.0,5.0,0.5072471586704634,2.2611277239810634e-10,1.0579047679014149,0.0
march_04_2026_2026030312_24h_f12_f36,24,2026-03-03T12:00:00Z,2026-03-04T00:00:00Z,2026-03-05T00:00:00Z,525,gnn_csgd,127.0,5.0,0.5041046772340063,4.7174722747268525e-11,1.0579047679014149,0.0
march_04_2026_2026030312_24h_f18_f42,24,2026-03-03T12:00:00Z,2026-03-04T06:00:00Z,2026-03-05T06:00:00Z,525,ann_operational,12.7,0.5,2.808897538770685,0.07062220938048407,4.0855809309014255,0.11047619047619048
march_04_2026_2026030312_24h_f18_f42,24,2026-03-03T12:00:00Z,2026-03-04T06:00:00Z,2026-03-05T06:00:00Z,525,gnn_csgd,12.7,0.5,2.7977079810651175,0.0704537196488315,4.0855809309014255,0.11047619047619048
march_04_2026_2026030312_24h_f18_f42,24,2026-03-03T12:00:00Z,2026-03-04T06:00:00Z,2026-03-05T06:00:00Z,525,ann_operational,25.4,1.0,2.808897538770685,0.027360890447855116,4.0855809309014255,0.03619047619047619
march_04_2026_2026030312_24h_f18_f42,24,2026-03-03T12:00:00Z,2026-03-04T06:00:00Z,2026-03-05T06:00:00Z,525,gnn_csgd,25.4,1.0,2.7977079810651175,0.027816978386061918,4.0855809309014255,0.03619047619047619
march_04_2026_2026030312_24h_f18_f42,24,2026-03-03T12:00:00Z,2026-03-04T06:00:00Z,2026-03-05T06:00:00Z,525,ann_operational,50.8,2.0,2.808897538770685,0.009149470865006561,4.0855809309014255,0.009523809523809525
march_04_2026_2026030312_24h_f18_f42,24,2026-03-03T12:00:00Z,2026-03-04T06:00:00Z,2026-03-05T06:00:00Z,525,gnn_csgd,50.8,2.0,2.7977079810651175,0.009279119654302968,4.0855809309014255,0.009523809523809525
march_04_2026_2026030312_24h_f18_f42,24,2026-03-03T12:00:00Z,2026-03-04T06:00:00Z,2026-03-05T06:00:00Z,525,ann_operational,76.2,3.0000000000000004,2.808897538770685,0.0037560822118608513,4.0855809309014255,0.0038095238095238095
march_04_2026_2026030312_24h_f18_f42,24,2026-03-03T12:00:00Z,2026-03-04T06:00:00Z,2026-03-05T06:00:00Z,525,gnn_csgd,76.2,3.0000000000000004,2.7977079810651175,0.003778982923555129,4.0855809309014255,0.0038095238095238095
march_04_2026_2026030312_24h_f18_f42,24,2026-03-03T12:00:00Z,2026-03-04T06:00:00Z,2026-03-05T06:00:00Z,525,ann_operational,127.0,5.0,2.808897538770685,0.0019047334349960128,4.0855809309014255,0.0019047619047619048
march_04_2026_2026030312_24h_f18_f42,24,2026-03-03T12:00:00Z,2026-03-04T06:00:00Z,2026-03-05T06:00:00Z,525,gnn_csgd,127.0,5.0,2.7977079810651175,0.0019028530777400817,4.0855809309014255,0.0019047619047619048
march_04_2026_2026030400_6h_f00_f06,6,2026-03-04T00:00:00Z,2026-03-04T00:00:00Z,2026-03-04T06:00:00Z,525,ann_operational,6.35,0.25,0.0008918883257087774,5.732353241000994e-24,0.0009676190676345002,0.0
march_04_2026_2026030400_6h_f00_f06,6,2026-03-04T00:00:00Z,2026-03-04T00:00:00Z,2026-03-04T06:00:00Z,525,gnn_csgd,6.35,0.25,0.00015894183153957503,1.3342522218946664e-117,0.0009676190676345002,0.0
march_04_2026_2026030400_6h_f00_f06,6,2026-03-04T00:00:00Z,2026-03-04T00:00:00Z,2026-03-04T06:00:00Z,525,ann_operational,12.7,0.5,0.0008918883257087774,2.6842537273854104e-42,0.0009676190676345002,0.0
march_04_2026_2026030400_6h_f00_f06,6,2026-03-04T00:00:00Z,2026-03-04T00:00:00Z,2026-03-04T06:00:00Z,525,gnn_csgd,12.7,0.5,0.00015894183153957503,1.8524446348522825e-228,0.0009676190676345002,0.0
march_04_2026_2026030400_6h_f00_f06,6,2026-03-04T00:00:00Z,2026-03-04T00:00:00Z,2026-03-04T06:00:00Z,525,ann_operational,25.4,1.0,0.0008918883257087774,3.893909989475582e-77,0.0009676190676345002,0.0
march_04_2026_2026030400_6h_f00_f06,6,2026-03-04T00:00:00Z,2026-03-04T00:00:00Z,2026-03-04T06:00:00Z,525,gnn_csgd,25.4,1.0,0.00015894183153957503,0.0,0.0009676190676345002,0.0
march_04_2026_2026030400_6h_f00_f06,6,2026-03-04T00:00:00Z,2026-03-04T00:00:00Z,2026-03-04T06:00:00Z,525,ann_operational,50.8,2.0,0.0008918883257087774,1.100336325611813e-145,0.0009676190676345002,0.0
march_04_2026_2026030400_6h_f00_f06,6,2026-03-04T00:00:00Z,2026-03-04T00:00:00Z,2026-03-04T06:00:00Z,525,gnn_csgd,50.8,2.0,0.00015894183153957503,0.0,0.0009676190676345002,0.0
march_04_2026_2026030400_6h_f06_f12,6,2026-03-04T00:00:00Z,2026-03-04T06:00:00Z,2026-03-04T12:00:00Z,525,ann_operational,6.35,0.25,0.0038443401518976398,1.3353124582212004e-07,0.026605714231818206,0.0
march_04_2026_2026030400_6h_f06_f12,6,2026-03-04T00:00:00Z,2026-03-04T06:00:00Z,2026-03-04T12:00:00Z,525,gnn_csgd,6.35,0.25,0.002520915249923184,6.870392506251117e-09,0.026605714231818206,0.0
march_04_2026_2026030400_6h_f06_f12,6,2026-03-04T00:00:00Z,2026-03-04T06:00:00Z,2026-03-04T12:00:00Z,525,ann_operational,12.7,0.5,0.0038443401518976398,3.80038836280285e-10,0.026605714231818206,0.0
march_04_2026_2026030400_6h_f06_f12,6,2026-03-04T00:00:00Z,2026-03-04T06:00:00Z,2026-03-04T12:00:00Z,525,gnn_csgd,12.7,0.5,0.002520915249923184,4.622549573925523e-12,0.026605714231818206,0.0
march_04_2026_2026030400_6h_f06_f12,6,2026-03-04T00:00:00Z,2026-03-04T06:00:00Z,2026-03-04T12:00:00Z,525,ann_operational,25.4,1.0,0.0038443401518976398,1.4034288354282212e-14,0.026605714231818206,0.0
march_04_2026_2026030400_6h_f06_f12,6,2026-03-04T00:00:00Z,2026-03-04T06:00:00Z,2026-03-04T12:00:00Z,525,gnn_csgd,25.4,1.0,0.002520915249923184,2.2691094354763954e-17,0.026605714231818206,0.0
march_04_2026_2026030400_6h_f06_f12,6,2026-03-04T00:00:00Z,2026-03-04T06:00:00Z,2026-03-04T12:00:00Z,525,ann_operational,50.8,2.0,0.0038443401518976398,1.07532270054087e-22,0.026605714231818206,0.0
march_04_2026_2026030400_6h_f06_f12,6,2026-03-04T00:00:00Z,2026-03-04T06:00:00Z,2026-03-04T12:00:00Z,525,gnn_csgd,50.8,2.0,0.002520915249923184,2.8473569922162393e-27,0.026605714231818206,0.0
march_04_2026_2026030400_6h_f12_f18,6,2026-03-04T00:00:00Z,2026-03-04T12:00:00Z,2026-03-04T18:00:00Z,525,ann_operational,6.35,0.25,0.20259448794905924,0.009082951718423032,0.713879997133987,0.03238095238095238
march_04_2026_2026030400_6h_f12_f18,6,2026-03-04T00:00:00Z,2026-03-04T12:00:00Z,2026-03-04T18:00:00Z,525,gnn_csgd,6.35,0.25,0.18539587534953203,0.00800415532494351,0.713879997133987,0.03238095238095238
march_04_2026_2026030400_6h_f12_f18,6,2026-03-04T00:00:00Z,2026-03-04T12:00:00Z,2026-03-04T18:00:00Z,525,ann_operational,12.7,0.5,0.20259448794905924,0.0015433310382758306,0.713879997133987,0.011428571428571429
march_04_2026_2026030400_6h_f12_f18,6,2026-03-04T00:00:00Z,2026-03-04T12:00:00Z,2026-03-04T18:00:00Z,525,gnn_csgd,12.7,0.5,0.18539587534953203,0.001352853146471066,0.713879997133987,0.011428571428571429
march_04_2026_2026030400_6h_f12_f18,6,2026-03-04T00:00:00Z,2026-03-04T12:00:00Z,2026-03-04T18:00:00Z,525,ann_operational,25.4,1.0,0.20259448794905924,6.058906391105891e-05,0.713879997133987,0.0019047619047619048
march_04_2026_2026030400_6h_f12_f18,6,2026-03-04T00:00:00Z,2026-03-04T12:00:00Z,2026-03-04T18:00:00Z,525,gnn_csgd,25.4,1.0,0.18539587534953203,5.2580397778195244e-05,0.713879997133987,0.0019047619047619048
march_04_2026_2026030400_6h_f12_f18,6,2026-03-04T00:00:00Z,2026-03-04T12:00:00Z,2026-03-04T18:00:00Z,525,ann_operational,50.8,2.0,0.20259448794905924,1.5905260232864262e-07,0.713879997133987,0.0
march_04_2026_2026030400_6h_f12_f18,6,2026-03-04T00:00:00Z,2026-03-04T12:00:00Z,2026-03-04T18:00:00Z,525,gnn_csgd,50.8,2.0,0.18539587534953203,1.1421373691388496e-07,0.713879997133987,0.0
march_04_2026_2026030400_6h_f18_f24,6,2026-03-04T00:00:00Z,2026-03-04T18:00:00Z,2026-03-05T00:00:00Z,525,ann_operational,6.35,0.25,0.6845137807221078,0.03300774577011088,1.7341333431759405,0.10095238095238095
march_04_2026_2026030400_6h_f18_f24,6,2026-03-04T00:00:00Z,2026-03-04T18:00:00Z,2026-03-05T00:00:00Z,525,gnn_csgd,6.35,0.25,0.6727736378201622,0.03212985066673118,1.7341333431759405,0.10095238095238095
march_04_2026_2026030400_6h_f18_f24,6,2026-03-04T00:00:00Z,2026-03-04T18:00:00Z,2026-03-05T00:00:00Z,525,ann_operational,12.7,0.5,0.6845137807221078,0.013199189410127194,1.7341333431759405,0.02666666666666667
march_04_2026_2026030400_6h_f18_f24,6,2026-03-04T00:00:00Z,2026-03-04T18:00:00Z,2026-03-05T00:00:00Z,525,gnn_csgd,12.7,0.5,0.6727736378201622,0.01301878360677071,1.7341333431759405,0.02666666666666667
march_04_2026_2026030400_6h_f18_f24,6,2026-03-04T00:00:00Z,2026-03-04T18:00:00Z,2026-03-05T00:00:00Z,525,ann_operational,25.4,1.0,0.6845137807221078,0.0003542219226376281,1.7341333431759405,0.0019047619047619048
march_04_2026_2026030400_6h_f18_f24,6,2026-03-04T00:00:00Z,2026-03-04T18:00:00Z,2026-03-05T00:00:00Z,525,gnn_csgd,25.4,1.0,0.6727736378201622,0.0003642383623842843,1.7341333431759405,0.0019047619047619048
march_04_2026_2026030400_6h_f18_f24,6,2026-03-04T00:00:00Z,2026-03-04T18:00:00Z,2026-03-05T00:00:00Z,525,ann_operational,50.8,2.0,0.6845137807221078,6.4424715414340245e-06,1.7341333431759405,0.0
march_04_2026_2026030400_6h_f18_f24,6,2026-03-04T00:00:00Z,2026-03-04T18:00:00Z,2026-03-05T00:00:00Z,525,gnn_csgd,50.8,2.0,0.6727736378201622,4.951992353690022e-06,1.7341333431759405,0.0
march_04_2026_2026030400_6h_f24_f30,6,2026-03-04T00:00:00Z,2026-03-05T00:00:00Z,2026-03-05T06:00:00Z,525,ann_operational,6.35,0.25,2.440003277135962,0.08806949401107703,3.7137523737124036,0.13142857142857142
march_04_2026_2026030400_6h_f24_f30,6,2026-03-04T00:00:00Z,2026-03-05T00:00:00Z,2026-03-05T06:00:00Z,525,gnn_csgd,6.35,0.25,2.463181543198711,0.09016437322422201,3.7137523737124036,0.13142857142857142
march_04_2026_2026030400_6h_f24_f30,6,2026-03-04T00:00:00Z,2026-03-05T00:00:00Z,2026-03-05T06:00:00Z,525,ann_operational,12.7,0.5,2.440003277135962,0.06376390686312802,3.7137523737124036,0.10666666666666667
march_04_2026_2026030400_6h_f24_f30,6,2026-03-04T00:00:00Z,2026-03-05T00:00:00Z,2026-03-05T06:00:00Z,525,gnn_csgd,12.7,0.5,2.463181543198711,0.0643500914876294,3.7137523737124036,0.10666666666666667
march_04_2026_2026030400_6h_f24_f30,6,2026-03-04T00:00:00Z,2026-03-05T00:00:00Z,2026-03-05T06:00:00Z,525,ann_operational,25.4,1.0,2.440003277135962,0.02334138321468553,3.7137523737124036,0.04380952380952381
march_04_2026_2026030400_6h_f24_f30,6,2026-03-04T00:00:00Z,2026-03-05T00:00:00Z,2026-03-05T06:00:00Z,525,gnn_csgd,25.4,1.0,2.463181543198711,0.02324649949363044,3.7137523737124036,0.04380952380952381
march_04_2026_2026030400_6h_f24_f30,6,2026-03-04T00:00:00Z,2026-03-05T00:00:00Z,2026-03-05T06:00:00Z,525,ann_operational,50.8,2.0,2.440003277135962,0.007426992185684699,3.7137523737124036,0.011428571428571429
march_04_2026_2026030400_6h_f24_f30,6,2026-03-04T00:00:00Z,2026-03-05T00:00:00Z,2026-03-05T06:00:00Z,525,gnn_csgd,50.8,2.0,2.463181543198711,0.007445658029964798,3.7137523737124036,0.011428571428571429
march_04_2026_2026030400_12h_f00_f12,12,2026-03-04T00:00:00Z,2026-03-04T00:00:00Z,2026-03-04T12:00:00Z,525,ann_operational,12.7,0.5,0.006248994757414924,6.278841996060102e-09,0.027573333358658213,0.0
march_04_2026_2026030400_12h_f00_f12,12,2026-03-04T00:00:00Z,2026-03-04T00:00:00Z,2026-03-04T12:00:00Z,525,gnn_csgd,12.7,0.5,0.0042673385479797266,9.103240371259497e-09,0.027573333358658213,0.0
march_04_2026_2026030400_12h_f00_f12,12,2026-03-04T00:00:00Z,2026-03-04T00:00:00Z,2026-03-04T12:00:00Z,525,ann_operational,25.4,1.0,0.006248994757414924,7.949879502391808e-13,0.027573333358658213,0.0
march_04_2026_2026030400_12h_f00_f12,12,2026-03-04T00:00:00Z,2026-03-04T00:00:00Z,2026-03-04T12:00:00Z,525,gnn_csgd,25.4,1.0,0.0042673385479797266,2.3204548111450812e-12,0.027573333358658213,0.0
march_04_2026_2026030400_12h_f00_f12,12,2026-03-04T00:00:00Z,2026-03-04T00:00:00Z,2026-03-04T12:00:00Z,525,ann_operational,50.8,2.0,0.006248994757414924,6.028292431461019e-20,0.027573333358658213,0.0
march_04_2026_2026030400_12h_f00_f12,12,2026-03-04T00:00:00Z,2026-03-04T00:00:00Z,2026-03-04T12:00:00Z,525,gnn_csgd,50.8,2.0,0.0042673385479797266,7.695987233173978e-19,0.027573333358658213,0.0
march_04_2026_2026030400_12h_f00_f12,12,2026-03-04T00:00:00Z,2026-03-04T00:00:00Z,2026-03-04T12:00:00Z,525,ann_operational,76.2,3.0000000000000004,0.006248994757414924,9.302038028764931e-27,0.027573333358658213,0.0
march_04_2026_2026030400_12h_f00_f12,12,2026-03-04T00:00:00Z,2026-03-04T00:00:00Z,2026-03-04T12:00:00Z,525,gnn_csgd,76.2,3.0000000000000004,0.0042673385479797266,5.785669429810707e-25,0.027573333358658213,0.0
march_04_2026_2026030400_12h_f06_f18,12,2026-03-04T00:00:00Z,2026-03-04T06:00:00Z,2026-03-04T18:00:00Z,525,ann_operational,12.7,0.5,0.25673180571869375,0.0020525266186871283,0.7395980918571531,0.011428571428571429
march_04_2026_2026030400_12h_f06_f18,12,2026-03-04T00:00:00Z,2026-03-04T06:00:00Z,2026-03-04T18:00:00Z,525,gnn_csgd,12.7,0.5,0.21572773219384145,0.0016127410542866533,0.7395980918571531,0.011428571428571429
march_04_2026_2026030400_12h_f06_f18,12,2026-03-04T00:00:00Z,2026-03-04T06:00:00Z,2026-03-04T18:00:00Z,525,ann_operational,25.4,1.0,0.25673180571869375,8.406585901190072e-05,0.7395980918571531,0.0019047619047619048
march_04_2026_2026030400_12h_f06_f18,12,2026-03-04T00:00:00Z,2026-03-04T06:00:00Z,2026-03-04T18:00:00Z,525,gnn_csgd,25.4,1.0,0.21572773219384145,6.006639885280464e-05,0.7395980918571531,0.0019047619047619048
march_04_2026_2026030400_12h_f06_f18,12,2026-03-04T00:00:00Z,2026-03-04T06:00:00Z,2026-03-04T18:00:00Z,525,ann_operational,50.8,2.0,0.25673180571869375,1.8616137378505597e-07,0.7395980918571531,0.0
march_04_2026_2026030400_12h_f06_f18,12,2026-03-04T00:00:00Z,2026-03-04T06:00:00Z,2026-03-04T18:00:00Z,525,gnn_csgd,50.8,2.0,0.21572773219384145,1.3805769483246753e-07,0.7395980918571531,0.0
march_04_2026_2026030400_12h_f06_f18,12,2026-03-04T00:00:00Z,2026-03-04T06:00:00Z,2026-03-04T18:00:00Z,525,ann_operational,76.2,3.0000000000000004,0.25673180571869375,6.280986048477378e-10,0.7395980918571531,0.0
march_04_2026_2026030400_12h_f06_f18,12,2026-03-04T00:00:00Z,2026-03-04T06:00:00Z,2026-03-04T18:00:00Z,525,gnn_csgd,76.2,3.0000000000000004,0.21572773219384145,1.0198530012214135e-09,0.7395980918571531,0.0
march_04_2026_2026030400_12h_f12_f24,12,2026-03-04T00:00:00Z,2026-03-04T12:00:00Z,2026-03-05T00:00:00Z,525,ann_operational,12.7,0.5,1.0625047523070046,0.02378073893113531,2.3453447651357524,0.05523809523809524
march_04_2026_2026030400_12h_f12_f24,12,2026-03-04T00:00:00Z,2026-03-04T12:00:00Z,2026-03-05T00:00:00Z,525,gnn_csgd,12.7,0.5,0.9591274752518189,0.020885169111608818,2.3453447651357524,0.05523809523809524
march_04_2026_2026030400_12h_f12_f24,12,2026-03-04T00:00:00Z,2026-03-04T12:00:00Z,2026-03-05T00:00:00Z,525,ann_operational,25.4,1.0,1.0625047523070046,0.0013331919203131892,2.3453447651357524,0.009523809523809525
march_04_2026_2026030400_12h_f12_f24,12,2026-03-04T00:00:00Z,2026-03-04T12:00:00Z,2026-03-05T00:00:00Z,525,gnn_csgd,25.4,1.0,0.9591274752518189,0.0010664201994978772,2.3453447651357524,0.009523809523809525
march_04_2026_2026030400_12h_f12_f24,12,2026-03-04T00:00:00Z,2026-03-04T12:00:00Z,2026-03-05T00:00:00Z,525,ann_operational,50.8,2.0,1.0625047523070046,9.71017925270579e-06,2.3453447651357524,0.0
march_04_2026_2026030400_12h_f12_f24,12,2026-03-04T00:00:00Z,2026-03-04T12:00:00Z,2026-03-05T00:00:00Z,525,gnn_csgd,50.8,2.0,0.9591274752518189,7.2509171919864e-06,2.3453447651357524,0.0
march_04_2026_2026030400_12h_f12_f24,12,2026-03-04T00:00:00Z,2026-03-04T12:00:00Z,2026-03-05T00:00:00Z,525,ann_operational,76.2,3.0000000000000004,1.0625047523070046,2.078755247885993e-07,2.3453447651357524,0.0
march_04_2026_2026030400_12h_f12_f24,12,2026-03-04T00:00:00Z,2026-03-04T12:00:00Z,2026-03-05T00:00:00Z,525,gnn_csgd,76.2,3.0000000000000004,0.9591274752518189,8.652063472164894e-08,2.3453447651357524,0.0
march_04_2026_2026030400_12h_f18_f30,12,2026-03-04T00:00:00Z,2026-03-04T18:00:00Z,2026-03-05T06:00:00Z,525,ann_operational,12.7,0.5,2.8668281970844878,0.0706527219202808,4.915436172835706,0.12
march_04_2026_2026030400_12h_f18_f30,12,2026-03-04T00:00:00Z,2026-03-04T18:00:00Z,2026-03-05T06:00:00Z,525,gnn_csgd,12.7,0.5,2.8028945006890127,0.06938625238761027,4.915436172835706,0.12
march_04_2026_2026030400_12h_f18_f30,12,2026-03-04T00:00:00Z,2026-03-04T18:00:00Z,2026-03-05T06:00:00Z,525,ann_operational,25.4,1.0,2.8668281970844878,0.030337776624176686,4.915436172835706,0.06285714285714286
march_04_2026_2026030400_12h_f18_f30,12,2026-03-04T00:00:00Z,2026-03-04T18:00:00Z,2026-03-05T06:00:00Z,525,gnn_csgd,25.4,1.0,2.8028945006890127,0.029071710354660798,4.915436172835706,0.06285714285714286
march_04_2026_2026030400_12h_f18_f30,12,2026-03-04T00:00:00Z,2026-03-04T18:00:00Z,2026-03-05T06:00:00Z,525,ann_operational,50.8,2.0,2.8668281970844878,0.00931538828687671,4.915436172835706,0.013333333333333334
march_04_2026_2026030400_12h_f18_f30,12,2026-03-04T00:00:00Z,2026-03-04T18:00:00Z,2026-03-05T06:00:00Z,525,gnn_csgd,50.8,2.0,2.8028945006890127,0.0092898733321217,4.915436172835706,0.013333333333333334
march_04_2026_2026030400_12h_f18_f30,12,2026-03-04T00:00:00Z,2026-03-04T18:00:00Z,2026-03-05T06:00:00Z,525,ann_operational,76.2,3.0000000000000004,2.8668281970844878,0.0037952445238230536,4.915436172835706,0.007619047619047619
march_04_2026_2026030400_12h_f18_f30,12,2026-03-04T00:00:00Z,2026-03-04T18:00:00Z,2026-03-05T06:00:00Z,525,gnn_csgd,76.2,3.0000000000000004,2.8028945006890127,0.0037503781100524172,4.915436172835706,0.007619047619047619
march_04_2026_2026030400_24h_f00_f24,24,2026-03-04T00:00:00Z,2026-03-04T00:00:00Z,2026-03-05T00:00:00Z,525,ann_operational,12.7,0.5,1.23242928267453,0.027690641586357215,2.3700571505618946,0.05523809523809524
march_04_2026_2026030400_24h_f00_f24,24,2026-03-04T00:00:00Z,2026-03-04T00:00:00Z,2026-03-05T00:00:00Z,525,gnn_csgd,12.7,0.5,1.0993759974389343,0.023797040414888324,2.3700571505618946,0.05523809523809524
march_04_2026_2026030400_24h_f00_f24,24,2026-03-04T00:00:00Z,2026-03-04T00:00:00Z,2026-03-05T00:00:00Z,525,ann_operational,25.4,1.0,1.23242928267453,0.0015705448664203314,2.3700571505618946,0.009523809523809525
march_04_2026_2026030400_24h_f00_f24,24,2026-03-04T00:00:00Z,2026-03-04T00:00:00Z,2026-03-05T00:00:00Z,525,gnn_csgd,25.4,1.0,1.0993759974389343,0.0011139512906659054,2.3700571505618946,0.009523809523809525
march_04_2026_2026030400_24h_f00_f24,24,2026-03-04T00:00:00Z,2026-03-04T00:00:00Z,2026-03-05T00:00:00Z,525,ann_operational,50.8,2.0,1.23242928267453,6.580673287735159e-06,2.3700571505618946,0.0
march_04_2026_2026030400_24h_f00_f24,24,2026-03-04T00:00:00Z,2026-03-04T00:00:00Z,2026-03-05T00:00:00Z,525,gnn_csgd,50.8,2.0,1.0993759974389343,3.473770187226541e-06,2.3700571505618946,0.0
march_04_2026_2026030400_24h_f00_f24,24,2026-03-04T00:00:00Z,2026-03-04T00:00:00Z,2026-03-05T00:00:00Z,525,ann_operational,76.2,3.0000000000000004,1.23242928267453,1.0430768979211965e-07,2.3700571505618946,0.0
march_04_2026_2026030400_24h_f00_f24,24,2026-03-04T00:00:00Z,2026-03-04T00:00:00Z,2026-03-05T00:00:00Z,525,gnn_csgd,76.2,3.0000000000000004,1.0993759974389343,2.025660203226369e-08,2.3700571505618946,0.0
march_04_2026_2026030400_24h_f00_f24,24,2026-03-04T00:00:00Z,2026-03-04T00:00:00Z,2026-03-05T00:00:00Z,525,ann_operational,127.0,5.0,1.23242928267453,7.651846711759723e-11,2.3700571505618946,0.0
march_04_2026_2026030400_24h_f00_f24,24,2026-03-04T00:00:00Z,2026-03-04T00:00:00Z,2026-03-05T00:00:00Z,525,gnn_csgd,127.0,5.0,1.0993759974389343,6.738967852015392e-12,2.3700571505618946,0.0
march_04_2026_2026030400_24h_f06_f30,24,2026-03-04T00:00:00Z,2026-03-04T06:00:00Z,2026-03-05T06:00:00Z,525,ann_operational,12.7,0.5,3.1240086751905123,0.07959964718025528,5.33278855451161,0.12571428571428572
march_04_2026_2026030400_24h_f06_f30,24,2026-03-04T00:00:00Z,2026-03-04T06:00:00Z,2026-03-05T06:00:00Z,525,gnn_csgd,12.7,0.5,3.0047312091650564,0.07603127397075543,5.33278855451161,0.12571428571428572
march_04_2026_2026030400_24h_f06_f30,24,2026-03-04T00:00:00Z,2026-03-04T06:00:00Z,2026-03-05T06:00:00Z,525,ann_operational,25.4,1.0,3.1240086751905123,0.03417065067756735,5.33278855451161,0.07238095238095238
march_04_2026_2026030400_24h_f06_f30,24,2026-03-04T00:00:00Z,2026-03-04T06:00:00Z,2026-03-05T06:00:00Z,525,gnn_csgd,25.4,1.0,3.0047312091650564,0.032242800632965564,5.33278855451161,0.07238095238095238
march_04_2026_2026030400_24h_f06_f30,24,2026-03-04T00:00:00Z,2026-03-04T06:00:00Z,2026-03-05T06:00:00Z,525,ann_operational,50.8,2.0,3.1240086751905123,0.00948617229717603,5.33278855451161,0.013333333333333334
march_04_2026_2026030400_24h_f06_f30,24,2026-03-04T00:00:00Z,2026-03-04T06:00:00Z,2026-03-05T06:00:00Z,525,gnn_csgd,50.8,2.0,3.0047312091650564,0.009427653553601057,5.33278855451161,0.013333333333333334
march_04_2026_2026030400_24h_f06_f30,24,2026-03-04T00:00:00Z,2026-03-04T06:00:00Z,2026-03-05T06:00:00Z,525,ann_operational,76.2,3.0000000000000004,3.1240086751905123,0.003806275420651017,5.33278855451161,0.007619047619047619
march_04_2026_2026030400_24h_f06_f30,24,2026-03-04T00:00:00Z,2026-03-04T06:00:00Z,2026-03-05T06:00:00Z,525,gnn_csgd,76.2,3.0000000000000004,3.0047312091650564,0.0037782551248056505,5.33278855451161,0.007619047619047619
march_04_2026_2026030400_24h_f06_f30,24,2026-03-04T00:00:00Z,2026-03-04T06:00:00Z,2026-03-05T06:00:00Z,525,ann_operational,127.0,5.0,3.1240086751905123,0.001903922321336566,5.33278855451161,0.0019047619047619048
march_04_2026_2026030400_24h_f06_f30,24,2026-03-04T00:00:00Z,2026-03-04T06:00:00Z,2026-03-05T06:00:00Z,525,gnn_csgd,127.0,5.0,3.0047312091650564,0.0019019144714863638,5.33278855451161,0.0019047619047619048
